Country,Year,Points,Place,Draw,Countries
Albania,2004,106,7,9,24
Albania,2005,53,16,8,24
Albania,2008,55,17,3,25
Albania,2009,48,17,19,25
Albania,2010,62,16,15,25
Albania,2012,146,5,3,26
Albania,2015,34,17,26,27
Albania,2018,184,11,12,26
Albania,2019,90,17,2,26
Albania,2021,57,21,2,26
Armenia,2006,129,8,24,24
Armenia,2007,138,8,23,24
Armenia,2008,199,4,5,25
Armenia,2009,92,10,9,25
Armenia,2010,141,7,21,25
Armenia,2013,41,18,12,26
Armenia,2014,174,4,7,26
Armenia,2015,34,16,6,27
Armenia,2016,249,7,26,26
Armenia,2017,79,18,5,26
Armenia,2022,61,20,8,25
Australia,2015,196,5,12,27
Australia,2016,511,2,13,26
Australia,2017,173,9,14,26
Australia,2018,99,20,16,26
Australia,2019,284,9,25,26
Australia,2022,125,15,21,25
Austria,1957,3,10,5,10
Austria,1958,8,5,9,10
Austria,1959,4,9,9,11
Austria,1960,6,7,7,13
Austria,1961,1,15,3,16
Austria,1962,0,13,4,16
Austria,1963,16,7,4,16
Austria,1964,11,6,6,16
Austria,1965,16,4,6,18
Austria,1966,31,1,9,18
Austria,1967,2,14,3,17
Austria,1968,2,13,4,17
Austria,1971,66,16,1,18
Austria,1972,100,5,11,18
Austria,1976,80,5,14,18
Austria,1977,11,17,4,18
Austria,1978,14,15,19,20
Austria,1979,5,18,18,19
Austria,1980,64,8,1,19
Austria,1981,20,17,1,20
Austria,1982,57,9,10,18
Austria,1983,53,9,18,20
Austria,1984,5,19,13,19
Austria,1985,60,8,17,19
Austria,1986,12,18,16,20
Austria,1987,8,20,3,22
Austria,1988,0,21,12,21
Austria,1989,97,5,13,22
Austria,1990,58,10,20,22
Austria,1991,0,22,6,22
Austria,1992,63,10,15,23
Austria,1993,32,14,10,25
Austria,1994,19,17,20,25
Austria,1995,67,13,8,23
Austria,1996,68,10,8,23
Austria,1997,12,21,4,25
Austria,1999,65,10,18,23
Austria,2000,34,14,24,24
Austria,2002,26,18,3,24
Austria,2003,101,6,2,26
Austria,2004,9,21,2,24
Austria,2011,64,18,18,25
Austria,2014,290,1,11,26
Austria,2015,0,26,14,27
Austria,2016,151,13,24,26
Austria,2017,93,16,4,26
Austria,2018,342,3,5,26
Azerbaijan,2008,132,8,20,25
Azerbaijan,2009,207,3,11,25
Azerbaijan,2010,145,5,1,25
Azerbaijan,2011,221,1,19,25
Azerbaijan,2012,150,4,13,26
Azerbaijan,2013,234,2,20,26
Azerbaijan,2014,33,22,3,26
Azerbaijan,2015,49,12,24,27
Azerbaijan,2016,117,17,4,26
Azerbaijan,2017,120,14,12,26
Azerbaijan,2019,302,8,20,26
Azerbaijan,2021,65,20,21,26
Azerbaijan,2022,106,16,15,25
Belarus,2007,145,6,3,24
Belarus,2010,18,24,9,25
Belarus,2013,48,16,8,26
Belarus,2014,43,16,2,26
Belarus,2017,83,17,3,26
Belarus,2019,31,24,19,26
Belgium,1957,5,8,1,10
Belgium,1958,8,5,7,10
Belgium,1959,9,6,11,11
Belgium,1960,9,6,5,13
Belgium,1961,1,15,11,16
Belgium,1962,0,13,2,16
Belgium,1963,4,10,14,16
Belgium,1964,2,10,15,16
Belgium,1965,0,15,8,18
Belgium,1966,14,4,3,18
Belgium,1967,8,7,10,17
Belgium,1968,8,7,3,17
Belgium,1969,10,7,10,16
Belgium,1970,5,8,5,12
Belgium,1971,68,14,10,18
Belgium,1972,55,17,16,18
Belgium,1973,58,17,2,17
Belgium,1974,10,9,11,17
Belgium,1975,17,15,11,19
Belgium,1976,68,8,6,18
Belgium,1977,69,7,17,18
Belgium,1978,125,2,10,20
Belgium,1979,5,18,12,19
Belgium,1980,14,17,19,19
Belgium,1981,40,13,16,20
Belgium,1982,96,4,11,18
Belgium,1983,13,18,19,20
Belgium,1984,70,5,8,19
Belgium,1985,7,19,8,19
Belgium,1986,176,1,13,20
Belgium,1987,56,11,5,22
Belgium,1988,5,18,16,21
Belgium,1989,13,19,6,22
Belgium,1990,46,12,3,22
Belgium,1991,23,16,18,22
Belgium,1992,11,20,2,23
Belgium,1993,3,25,7,25
Belgium,1995,8,20,14,23
Belgium,1996,22,16,16,23
Belgium,1998,122,6,20,25
Belgium,1999,38,12,2,23
Belgium,2000,2,24,10,24
Belgium,2002,33,13,16,24
Belgium,2003,165,2,22,26
Belgium,2004,7,22,13,24
Belgium,2010,143,6,7,25
Belgium,2013,71,12,6,26
Belgium,2015,217,4,13,27
Belgium,2016,181,10,1,26
Belgium,2017,363,4,23,26
Belgium,2021,74,19,4,26
Belgium,2022,64,19,16,25
Bosnia Herzegovina,1993,27,16,18,25
Bosnia Herzegovina,1994,39,15,18,25
Bosnia Herzegovina,1995,14,19,4,23
Bosnia Herzegovina,1996,13,22,21,23
Bosnia Herzegovina,1997,22,18,14,25
Bosnia Herzegovina,1999,86,7,22,23
Bosnia Herzegovina,2001,29,14,3,23
Bosnia Herzegovina,2002,33,13,15,24
Bosnia Herzegovina,2003,27,16,6,26
Bosnia Herzegovina,2004,91,9,12,24
Bosnia Herzegovina,2005,79,14,21,24
Bosnia Herzegovina,2006,229,3,13,24
Bosnia Herzegovina,2007,106,11,1,24
Bosnia Herzegovina,2008,110,10,6,25
Bosnia Herzegovina,2009,106,9,12,25
Bosnia Herzegovina,2010,51,17,6,25
Bosnia Herzegovina,2011,125,6,2,25
Bosnia Herzegovina,2012,55,18,5,26
Bulgaria,2007,157,5,21,24
Bulgaria,2016,307,4,8,26
Bulgaria,2017,615,2,25,26
Bulgaria,2018,166,14,18,26
Bulgaria,2021,170,11,17,26
Croatia,1993,31,15,21,25
Croatia,1994,27,16,7,25
Croatia,1995,91,6,11,23
Croatia,1996,98,4,7,23
Croatia,1997,24,17,23,25
Croatia,1998,131,5,1,25
Croatia,1999,118,4,4,23
Croatia,2000,70,9,17,24
Croatia,2001,42,10,10,23
Croatia,2002,44,11,6,24
Croatia,2003,29,15,8,26
Croatia,2004,50,12,11,24
Croatia,2005,115,11,18,24
Croatia,2006,56,12,20,24
Croatia,2008,44,21,9,25
Croatia,2009,45,18,5,25
Croatia,2016,73,23,17,26
Croatia,2017,128,13,13,26
Cyprus,1981,69,6,18,20
Cyprus,1982,85,5,8,18
Cyprus,1983,26,16,13,20
Cyprus,1984,31,15,7,19
Cyprus,1985,15,16,3,19
Cyprus,1986,4,20,15,20
Cyprus,1987,80,7,17,22
Cyprus,1989,51,11,17,22
Cyprus,1990,36,14,21,22
Cyprus,1991,60,9,21,22
Cyprus,1992,57,11,9,23
Cyprus,1993,17,19,23,25
Cyprus,1994,51,11,4,25
Cyprus,1995,79,9,17,23
Cyprus,1996,72,9,5,23
Cyprus,1997,98,5,1,25
Cyprus,1998,37,11,17,25
Cyprus,1999,2,22,14,23
Cyprus,2000,8,21,11,24
Cyprus,2002,85,6,1,24
Cyprus,2003,15,20,9,26
Cyprus,2004,170,5,21,24
Cyprus,2005,46,18,9,24
Cyprus,2010,27,21,5,25
Cyprus,2012,65,16,8,26
Cyprus,2015,11,22,11,27
Cyprus,2016,96,21,14,26
Cyprus,2017,68,21,19,26
Cyprus,2018,436,2,25,26
Cyprus,2019,109,13,11,26
Cyprus,2021,94,16,1,26
Czech Republic,2016,41,25,2,26
Czech Republic,2018,281,6,14,26
Czech Republic,2019,157,11,3,26
Czech Republic,2022,38,22,1,25
Denmark,1957,10,3,9,10
Denmark,1958,3,8,6,10
Denmark,1959,12,5,2,11
Denmark,1960,4,10,4,13
Denmark,1961,12,5,13,16
Denmark,1962,2,10,5,16
Denmark,1963,42,1,8,16
Denmark,1964,4,9,4,16
Denmark,1965,10,7,14,18
Denmark,1966,4,14,2,18
Denmark,1978,13,16,16,20
Denmark,1979,76,6,3,19
Denmark,1980,25,14,7,19
Denmark,1981,41,11,6,20
Denmark,1982,5,17,13,18
Denmark,1983,16,17,15,20
Denmark,1984,101,4,10,19
Denmark,1985,41,11,4,19
Denmark,1986,77,6,18,20
Denmark,1987,83,5,19,22
Denmark,1988,92,3,13,21
Denmark,1989,111,3,12,22
Denmark,1990,64,8,11,22
Denmark,1991,8,19,13,22
Denmark,1992,47,12,18,23
Denmark,1993,9,22,5,25
Denmark,1995,92,5,19,23
Denmark,1997,25,16,21,25
Denmark,1999,71,8,9,23
Denmark,2000,195,1,14,24
Denmark,2001,177,2,23,23
Denmark,2002,7,24,14,24
Denmark,2005,125,9,13,24
Denmark,2006,26,18,9,24
Denmark,2008,60,15,16,25
Denmark,2009,74,13,16,25
Denmark,2010,149,4,25,25
Denmark,2011,134,5,3,25
Denmark,2012,21,23,15,26
Denmark,2013,281,1,18,26
Denmark,2014,74,9,23,26
Denmark,2017,77,20,10,26
Denmark,2018,226,9,15,26
Denmark,2019,120,12,6,26
Estonia,1994,2,24,10,25
Estonia,1996,94,5,11,23
Estonia,1997,82,8,13,25
Estonia,1998,36,12,23,25
Estonia,1999,90,6,23,23
Estonia,2000,98,4,4,24
Estonia,2001,198,1,20,23
Estonia,2002,111,3,8,24
Estonia,2003,14,21,23,26
Estonia,2009,129,6,15,25
Estonia,2011,44,24,8,25
Estonia,2012,120,6,11,26
Estonia,2013,19,20,7,26
Estonia,2015,106,7,4,27
Estonia,2018,245,8,6,26
Estonia,2019,76,20,18,26
Estonia,2022,141,13,25,25
Finland,1961,6,10,4,16
Finland,1962,4,7,1,16
Finland,1963,0,13,7,16
Finland,1964,9,7,5,16
Finland,1965,0,15,16,18
Finland,1966,7,10,7,18
Finland,1967,3,12,8,17
Finland,1968,1,16,9,17
Finland,1969,6,12,16,16
Finland,1971,84,8,17,18
Finland,1972,78,12,10,18
Finland,1973,93,6,1,17
Finland,1974,4,13,1,17
Finland,1975,74,7,15,19
Finland,1976,44,11,11,18
Finland,1977,50,10,16,18
Finland,1978,2,18,4,20
Finland,1979,38,14,5,19
Finland,1980,6,19,10,19
Finland,1981,27,16,8,20
Finland,1982,0,18,6,18
Finland,1983,41,11,9,20
Finland,1984,46,9,16,19
Finland,1985,58,9,2,19
Finland,1986,22,15,19,20
Finland,1987,32,15,18,22
Finland,1988,3,20,3,21
Finland,1989,76,7,14,22
Finland,1990,8,21,22,22
Finland,1991,6,20,16,22
Finland,1992,4,23,12,23
Finland,1993,20,17,17,25
Finland,1994,11,22,2,25
Finland,1996,9,23,18,23
Finland,1998,22,15,21,25
Finland,2000,18,18,20,24
Finland,2002,24,20,13,24
Finland,2006,292,1,17,24
Finland,2007,53,17,5,24
Finland,2008,35,22,8,25
Finland,2009,22,25,24,25
Finland,2011,57,21,1,25
Finland,2013,13,24,4,26
Finland,2014,72,11,18,26
Finland,2018,46,25,17,26
Finland,2021,301,6,16,26
Finland,2022,38,21,4,25
France,1957,17,2,8,10
France,1958,27,1,3,10
France,1959,15,3,1,11
France,1960,32,1,13,13
France,1961,13,4,9,16
France,1962,26,1,9,16
France,1963,25,5,11,16
France,1964,14,4,7,16
France,1965,22,3,11,18
France,1966,1,16,15,18
France,1967,20,3,4,17
France,1968,20,3,10,17
France,1969,18,1,14,16
France,1970,8,4,6,12
France,1971,82,10,7,18
France,1972,81,11,2,18
France,1973,65,15,16,17
France,1975,91,4,3,19
France,1976,147,2,17,18
France,1977,136,1,18,18
France,1978,119,3,6,20
France,1979,106,3,11,19
France,1980,45,11,16,19
France,1981,125,3,9,20
France,1983,56,8,1,20
France,1984,61,8,3,19
France,1985,56,10,6,19
France,1986,13,17,3,20
France,1987,44,14,15,22
France,1988,64,10,19,21
France,1989,60,8,15,22
France,1990,132,2,14,22
France,1991,146,2,9,22
France,1992,73,8,6,23
France,1993,121,4,12,25
France,1994,74,7,25,25
France,1995,94,4,12,23
France,1996,18,19,13,23
France,1997,95,7,22,25
France,1998,3,24,3,25
France,1999,14,19,10,23
France,2000,5,23,5,24
France,2001,142,4,14,23
France,2002,104,5,17,24
France,2003,19,18,19,26
France,2004,40,15,4,24
France,2005,11,23,24,24
France,2006,5,22,19,24
France,2007,19,22,13,24
France,2008,47,19,19,25
France,2009,107,8,3,25
France,2010,82,12,18,25
France,2011,82,15,11,25
France,2012,21,22,9,26
France,2013,14,23,1,26
France,2014,2,26,14,26
France,2015,4,25,2,27
France,2016,257,6,11,26
France,2017,135,12,26,26
France,2018,173,13,13,26
France,2019,105,16,21,26
France,2021,499,2,20,26
France,2022,17,24,6,25
Georgia,2007,97,12,11,24
Georgia,2008,83,11,17,25
Georgia,2010,136,9,13,25
Georgia,2011,110,9,25,25
Georgia,2013,50,15,25,26
Georgia,2015,51,11,23,27
Georgia,2016,104,20,23,26
Germany,1957,8,4,7,10
Germany,1958,5,7,8,10
Germany,1959,5,8,6,11
Germany,1960,11,4,11,13
Germany,1961,3,13,8,16
Germany,1962,9,6,7,16
Germany,1963,5,9,3,16
Germany,1964,0,13,9,16
Germany,1965,0,15,5,18
Germany,1966,7,10,1,18
Germany,1967,7,8,9,17
Germany,1968,11,6,16,17
Germany,1969,8,9,13,16
Germany,1970,12,3,11,12
Germany,1971,100,3,5,18
Germany,1972,107,3,1,18
Germany,1973,85,8,4,17
Germany,1974,3,14,14,17
Germany,1975,15,17,4,19
Germany,1976,12,15,3,18
Germany,1977,55,8,6,18
Germany,1978,84,6,13,20
Germany,1979,86,4,9,19
Germany,1980,128,2,12,19
Germany,1981,132,2,3,20
Germany,1982,161,1,18,18
Germany,1983,94,5,14,20
Germany,1984,34,13,14,19
Germany,1985,105,2,10,19
Germany,1986,62,8,14,20
Germany,1987,141,2,16,22
Germany,1988,48,14,11,21
Germany,1989,46,14,21,22
Germany,1990,60,9,13,22
Germany,1991,10,18,17,22
Germany,1992,27,16,22,23
Germany,1993,18,18,3,25
Germany,1994,128,3,14,25
Germany,1995,1,23,3,23
Germany,1997,22,18,11,25
Germany,1998,86,7,9,25
Germany,1999,140,3,21,23
Germany,2000,96,5,15,24
Germany,2001,66,8,19,23
Germany,2002,17,21,18,24
Germany,2003,53,11,10,26
Germany,2004,93,8,8,24
Germany,2005,4,24,17,24
Germany,2006,36,14,8,24
Germany,2007,49,19,16,24
Germany,2008,14,23,4,25
Germany,2009,35,20,17,25
Germany,2010,246,1,22,25
Germany,2011,107,10,16,25
Germany,2012,110,8,20,26
Germany,2013,18,21,11,26
Germany,2014,39,18,12,26
Germany,2015,0,27,17,27
Germany,2016,11,26,10,26
Germany,2017,6,25,21,26
Germany,2018,340,4,11,26
Germany,2019,24,25,4,26
Germany,2021,3,25,15,26
Germany,2022,6,25,13,25
Greece,1974,7,11,5,17
Greece,1976,20,13,10,18
Greece,1977,92,5,10,18
Greece,1978,66,8,15,20
Greece,1979,69,8,7,19
Greece,1980,30,13,3,19
Greece,1981,55,8,17,20
Greece,1983,32,14,10,20
Greece,1985,15,16,19,19
Greece,1987,64,10,11,22
Greece,1988,10,17,14,21
Greece,1989,56,9,19,22
Greece,1990,11,19,2,22
Greece,1991,36,13,4,22
Greece,1992,94,5,5,23
Greece,1993,64,9,6,25
Greece,1994,44,14,19,25
Greece,1995,68,12,23,23
Greece,1996,36,14,10,23
Greece,1997,39,12,17,25
Greece,1998,12,20,2,25
Greece,2001,147,3,22,23
Greece,2002,27,17,4,24
Greece,2003,25,17,17,26
Greece,2004,252,3,16,24
Greece,2005,230,1,19,24
Greece,2006,128,9,16,24
Greece,2007,139,7,10,24
Greece,2008,218,3,21,25
Greece,2009,120,7,8,25
Greece,2010,140,8,11,25
Greece,2011,120,7,9,25
Greece,2012,64,17,16,26
Greece,2013,152,6,21,26
Greece,2014,35,20,10,26
Greece,2015,23,19,15,27
Greece,2017,77,19,15,26
Greece,2019,74,21,13,26
Greece,2021,170,10,10,26
Greece,2022,215,8,17,25
Hungary,1994,122,4,22,25
Hungary,1995,3,22,13,23
Hungary,1997,39,12,19,25
Hungary,1998,4,23,11,25
Hungary,2005,97,12,1,24
Hungary,2007,128,9,8,24
Hungary,2011,53,22,5,25
Hungary,2012,19,24,2,26
Hungary,2013,84,10,17,26
Hungary,2014,143,5,21,26
Hungary,2015,19,20,22,27
Hungary,2016,108,19,5,26
Hungary,2017,200,8,8,26
Hungary,2018,93,21,21,26
Iceland,1986,19,16,6,20
Iceland,1987,28,16,4,22
Iceland,1988,20,16,1,21
Iceland,1989,0,22,20,22
Iceland,1990,124,4,8,22
Iceland,1991,26,15,2,22
Iceland,1992,80,7,11,23
Iceland,1993,42,13,9,25
Iceland,1994,49,12,5,25
Iceland,1995,31,15,7,23
Iceland,1996,51,13,19,23
Iceland,1997,18,20,25,25
Iceland,1999,146,2,13,23
Iceland,2000,45,12,12,24
Iceland,2001,3,22,2,23
Iceland,2003,81,8,1,26
Iceland,2004,16,19,17,24
Iceland,2008,64,14,11,25
Iceland,2009,218,2,7,25
Iceland,2010,41,19,16,25
Iceland,2011,61,20,21,25
Iceland,2012,46,20,7,26
Iceland,2013,47,17,19,26
Iceland,2014,58,15,4,26
Iceland,2019,232,10,17,26
Iceland,2021,378,4,12,26
Iceland,2022,20,23,18,25
Ireland,1965,11,6,4,18
Ireland,1966,14,4,17,18
Ireland,1967,22,2,17,17
Ireland,1968,18,4,14,17
Ireland,1969,10,7,5,16
Ireland,1970,32,1,12,12
Ireland,1971,79,11,13,18
Ireland,1972,72,15,3,18
Ireland,1973,80,10,14,17
Ireland,1974,11,7,13,17
Ireland,1975,68,9,2,19
Ireland,1976,54,10,7,18
Ireland,1977,119,3,1,18
Ireland,1978,86,5,1,20
Ireland,1979,80,5,4,19
Ireland,1980,143,1,17,19
Ireland,1981,105,5,12,20
Ireland,1982,49,11,17,18
Ireland,1984,137,2,9,19
Ireland,1985,91,6,1,19
Ireland,1986,96,4,12,20
Ireland,1987,172,1,20,22
Ireland,1988,79,8,10,21
Ireland,1989,21,18,3,22
Ireland,1990,132,2,17,22
Ireland,1991,47,10,11,22
Ireland,1992,155,1,17,23
Ireland,1993,187,1,14,25
Ireland,1994,226,1,3,25
Ireland,1995,44,14,2,23
Ireland,1996,162,1,17,23
Ireland,1997,157,2,5,25
Ireland,1998,64,9,13,25
Ireland,1999,18,17,17,23
Ireland,2000,92,6,23,24
Ireland,2001,6,21,12,23
Ireland,2003,53,11,3,26
Ireland,2004,7,22,18,24
Ireland,2006,93,10,21,24
Ireland,2007,5,24,4,24
Ireland,2010,25,23,10,25
Ireland,2011,119,8,6,25
Ireland,2012,46,19,23,26
Ireland,2013,5,26,26,26
Ireland,2018,136,16,24,26
Israel,1973,97,4,17,17
Israel,1974,11,7,6,17
Israel,1975,40,11,12,19
Israel,1976,77,6,4,18
Israel,1977,49,11,11,18
Israel,1978,157,1,18,20
Israel,1979,125,1,10,19
Israel,1981,56,7,5,20
Israel,1982,100,2,15,18
Israel,1983,136,2,16,20
Israel,1985,93,5,11,19
Israel,1986,7,19,11,20
Israel,1987,73,8,2,22
Israel,1988,85,7,8,21
Israel,1989,50,12,2,22
Israel,1990,16,18,10,22
Israel,1991,139,3,15,22
Israel,1992,85,6,3,23
Israel,1993,4,24,24,25
Israel,1995,81,8,21,23
Israel,1998,172,1,8,25
Israel,1999,93,5,19,23
Israel,2000,7,22,1,24
Israel,2001,25,16,5,23
Israel,2002,37,12,10,24
Israel,2003,17,19,13,26
Israel,2005,154,4,11,24
Israel,2006,4,23,3,24
Israel,2008,124,9,7,25
Israel,2009,53,16,2,25
Israel,2010,71,14,24,25
Israel,2015,97,9,3,27
Israel,2016,135,14,7,26
Israel,2017,39,23,1,26
Israel,2018,529,1,22,26
Israel,2019,35,23,14,26
Israel,2021,93,17,3,26
Italy,1957,7,6,4,10
Italy,1958,13,3,1,10
Italy,1959,9,6,3,11
Italy,1960,5,8,12,13
Italy,1961,12,5,16,16
Italy,1962,3,9,15,16
Italy,1963,37,3,6,16
Italy,1964,49,1,12,16
Italy,1965,15,5,13,18
Italy,1966,0,17,14,18
Italy,1967,4,11,16,17
Italy,1968,7,10,11,17
Italy,1969,5,13,6,16
Italy,1970,5,8,3,12
Italy,1971,91,5,11,18
Italy,1972,92,6,12,18
Italy,1973,74,13,10,17
Italy,1974,18,2,17,17
Italy,1975,115,3,19,19
Italy,1976,69,7,13,18
Italy,1977,33,13,15,18
Italy,1978,53,12,3,20
Italy,1979,27,15,2,19
Italy,1980,87,6,6,19
Italy,1983,41,11,5,20
Italy,1984,70,5,18,19
Italy,1985,78,7,12,19
Italy,1987,103,3,7,22
Italy,1988,52,12,18,21
Italy,1989,56,9,1,22
Italy,1990,149,1,19,22
Italy,1991,89,7,22,22
Italy,1992,111,4,19,23
Italy,1993,45,12,1,25
Italy,1997,114,4,9,25
Italy,2011,189,2,12,25
Italy,2012,101,9,10,26
Italy,2013,126,7,23,26
Italy,2014,33,21,16,26
Italy,2015,292,3,27,27
Italy,2016,124,16,6,26
Italy,2017,334,6,9,26
Italy,2018,308,5,26,26
Italy,2019,472,2,22,26
Italy,2021,524,1,24,26
Italy,2022,268,6,9,25
Latvia,2000,136,3,21,24
Latvia,2001,16,18,9,23
Latvia,2002,176,1,23,24
Latvia,2003,5,24,21,26
Latvia,2005,153,5,23,24
Latvia,2006,30,16,4,24
Latvia,2007,54,16,14,24
Latvia,2008,83,12,14,25
Latvia,2015,186,6,19,27
Latvia,2016,132,15,20,26
Lithuania,1994,0,25,16,25
Lithuania,1999,13,20,1,23
Lithuania,2001,35,13,8,23
Lithuania,2002,12,23,24,24
Lithuania,2006,162,6,14,24
Lithuania,2007,28,21,9,24
Lithuania,2009,23,23,1,25
Lithuania,2011,63,19,4,25
Lithuania,2012,70,14,4,26
Lithuania,2013,17,22,2,26
Lithuania,2015,30,18,7,27
Lithuania,2016,200,9,16,26
Lithuania,2018,181,12,4,26
Lithuania,2021,220,8,18,26
Lithuania,2022,128,14,14,25
Luxembourg,1957,8,4,2,10
Luxembourg,1958,1,9,4,10
Luxembourg,1960,1,13,3,13
Luxembourg,1961,31,1,14,16
Luxembourg,1962,11,3,14,16
Luxembourg,1963,13,8,16,16
Luxembourg,1964,14,4,1,16
Luxembourg,1965,32,1,15,18
Luxembourg,1966,7,10,4,18
Luxembourg,1967,17,4,2,17
Luxembourg,1968,5,11,5,17
Luxembourg,1969,7,11,2,16
Luxembourg,1970,0,12,8,12
Luxembourg,1971,70,13,8,18
Luxembourg,1972,128,1,17,18
Luxembourg,1973,129,1,11,17
Luxembourg,1974,14,4,9,17
Luxembourg,1975,84,5,5,19
Luxembourg,1976,17,14,5,18
Luxembourg,1977,17,16,7,18
Luxembourg,1978,73,7,17,20
Luxembourg,1979,44,13,13,19
Luxembourg,1980,56,9,4,19
Luxembourg,1981,41,11,4,20
Luxembourg,1982,78,6,2,18
Luxembourg,1983,142,1,20,20
Luxembourg,1984,39,10,2,19
Luxembourg,1985,37,13,18,19
Luxembourg,1986,117,3,1,20
Luxembourg,1987,4,21,13,22
Luxembourg,1988,90,4,17,21
Luxembourg,1989,8,20,11,22
Luxembourg,1990,38,13,6,22
Luxembourg,1991,29,14,7,22
Luxembourg,1992,10,21,14,23
Luxembourg,1993,11,20,15,25
FYR Macedonia,1998,16,19,25,25
FYR Macedonia,2000,29,15,19,24
FYR Macedonia,2002,25,19,9,24
FYR Macedonia,2004,47,14,15,24
FYR Macedonia,2005,52,17,15,24
FYR Macedonia,2006,56,12,11,24
FYR Macedonia,2007,73,14,6,24
FYR Macedonia,2012,71,13,22,26
FYR Macedonia,2019,305,7,8,26
Malta,1971,52,18,2,18
Malta,1972,48,18,9,18
Malta,1975,32,12,10,19
Malta,1991,106,6,3,22
Malta,1992,123,3,10,23
Malta,1993,69,8,8,25
Malta,1994,97,5,12,25
Malta,1995,76,10,22,23
Malta,1996,68,10,6,23
Malta,1997,66,9,18,25
Malta,1998,165,3,10,25
Malta,1999,32,15,20,23
Malta,2000,73,8,7,24
Malta,2001,48,9,21,23
Malta,2002,164,2,20,24
Malta,2003,4,25,5,26
Malta,2004,50,12,6,24
Malta,2005,192,2,3,24
Malta,2006,1,24,7,24
Malta,2009,31,22,14,25
Malta,2012,41,21,21,26
Malta,2013,120,8,9,26
Malta,2014,32,23,22,26
Malta,2016,153,12,22,26
Malta,2019,107,14,1,26
Malta,2021,255,7,6,26
Moldova,2005,148,6,7,24
Moldova,2006,22,20,2,24
Moldova,2007,109,10,24,24
Moldova,2009,69,14,13,25
Moldova,2010,27,22,4,25
Moldova,2011,97,12,15,25
Moldova,2012,81,11,26,26
Moldova,2013,71,11,3,26
Moldova,2017,374,3,7,26
Moldova,2018,209,10,19,26
Moldova,2021,115,13,14,26
Moldova,2022,253,7,19,25
Monaco,1959,1,11,4,11
Monaco,1960,15,3,8,13
Monaco,1961,6,10,2,16
Monaco,1962,13,2,16,16
Monaco,1963,25,5,15,16
Monaco,1964,15,3,10,16
Monaco,1965,7,9,9,18
Monaco,1966,0,17,13,18
Monaco,1967,10,5,14,17
Monaco,1968,8,7,7,17
Monaco,1969,11,6,4,16
Monaco,1970,5,8,10,12
Monaco,1971,128,1,3,18
Monaco,1972,65,16,15,18
Monaco,1973,85,8,6,17
Monaco,1974,14,4,10,17
Monaco,1975,22,13,14,19
Monaco,1976,93,3,16,18
Monaco,1977,96,4,2,18
Monaco,1978,107,4,14,20
Monaco,1979,12,16,6,19
Montenegro,2014,37,19,8,26
Montenegro,2015,44,13,16,27
Morocco,1980,7,18,5,19
Netherlands,1957,31,1,6,10
Netherlands,1958,1,9,2,10
Netherlands,1959,21,1,5,11
Netherlands,1960,2,12,10,13
Netherlands,1961,6,10,6,16
Netherlands,1962,0,13,8,16
Netherlands,1963,0,13,2,16
Netherlands,1964,2,10,2,16
Netherlands,1965,5,11,1,18
Netherlands,1966,2,15,16,18
Netherlands,1967,2,14,1,17
Netherlands,1968,1,16,2,17
Netherlands,1969,18,1,8,16
Netherlands,1970,7,7,1,12
Netherlands,1971,85,6,14,18
Netherlands,1972,106,4,18,18
Netherlands,1973,69,14,13,17
Netherlands,1974,15,3,12,17
Netherlands,1975,152,1,1,19
Netherlands,1976,56,9,8,18
Netherlands,1977,35,12,3,18
Netherlands,1978,37,13,11,20
Netherlands,1979,51,12,14,19
Netherlands,1980,93,5,15,19
Netherlands,1981,51,9,11,20
Netherlands,1982,8,16,16,18
Netherlands,1983,66,7,11,20
Netherlands,1984,34,13,11,19
Netherlands,1986,40,13,7,20
Netherlands,1987,83,5,12,22
Netherlands,1988,70,9,7,21
Netherlands,1989,45,15,4,22
Netherlands,1990,25,15,5,22
Netherlands,1992,67,9,23,23
Netherlands,1993,92,6,20,25
Netherlands,1994,4,23,13,25
Netherlands,1996,78,7,15,23
Netherlands,1997,5,22,8,25
Netherlands,1998,150,4,18,25
Netherlands,1999,71,8,11,23
Netherlands,2000,40,13,2,24
Netherlands,2001,16,18,1,23
Netherlands,2003,45,13,14,26
Netherlands,2004,11,20,7,24
Netherlands,2013,114,9,13,26
Netherlands,2014,238,2,24,26
Netherlands,2016,153,11,3,26
Netherlands,2017,150,11,6,26
Netherlands,2018,121,18,23,26
Netherlands,2019,498,1,12,26
Netherlands,2021,11,23,23,26
Netherlands,2022,171,11,11,25
Norway,1960,11,4,6,13
Norway,1961,10,7,12,16
Norway,1962,2,10,10,16
Norway,1963,0,13,5,16
Norway,1964,6,8,3,16
Norway,1965,1,13,7,18
Norway,1966,15,3,6,18
Norway,1967,2,14,13,17
Norway,1968,2,13,13,17
Norway,1969,1,16,12,16
Norway,1971,65,17,18,18
Norway,1972,73,14,6,18
Norway,1973,89,7,5,17
Norway,1974,3,14,4,17
Norway,1975,11,18,6,19
Norway,1976,7,18,9,18
Norway,1977,18,14,5,18
Norway,1978,0,20,2,20
Norway,1979,57,11,16,19
Norway,1980,15,16,11,19
Norway,1981,0,20,13,20
Norway,1982,40,12,3,18
Norway,1983,53,9,2,20
Norway,1984,29,17,5,19
Norway,1985,123,1,13,19
Norway,1986,44,12,4,20
Norway,1987,65,9,1,22
Norway,1988,88,5,15,21
Norway,1989,30,17,8,22
Norway,1990,8,21,9,22
Norway,1991,14,17,14,22
Norway,1992,23,18,21,23
Norway,1993,120,5,25,25
Norway,1994,76,6,17,25
Norway,1995,148,1,5,23
Norway,1996,114,2,12,23
Norway,1997,0,24,3,25
Norway,1998,79,8,22,25
Norway,1999,35,14,8,23
Norway,2000,57,11,8,24
Norway,2001,3,22,4,23
Norway,2003,123,4,18,26
Norway,2004,3,24,3,24
Norway,2005,125,9,5,24
Norway,2006,36,14,5,24
Norway,2008,182,5,25,25
Norway,2009,387,1,20,25
Norway,2010,35,20,3,25
Norway,2012,7,26,12,26
Norway,2013,191,4,24,26
Norway,2014,88,8,5,26
Norway,2015,102,8,9,27
Norway,2017,158,10,17,26
Norway,2018,144,15,7,26
Norway,2019,331,6,15,26
Norway,2021,75,18,22,26
Norway,2022,182,10,7,25
Poland,1994,166,2,24,25
Poland,1995,15,18,1,23
Poland,1996,31,15,20,23
Poland,1997,54,11,12,25
Poland,1998,19,17,7,25
Poland,1999,17,18,12,23
Poland,2001,11,20,18,23
Poland,2003,90,7,20,26
Poland,2004,27,17,19,24
Poland,2008,14,24,10,25
Poland,2014,62,14,9,26
Poland,2015,10,23,18,27
Poland,2016,229,8,12,26
Poland,2017,64,22,2,26
Poland,2022,151,12,23,25
Portugal,1964,0,13,11,16
Portugal,1965,1,13,12,18
Portugal,1966,6,13,8,18
Portugal,1967,3,12,5,17
Portugal,1968,5,11,1,17
Portugal,1969,4,15,15,16
Portugal,1971,83,9,15,18
Portugal,1972,90,7,7,18
Portugal,1973,80,10,3,17
Portugal,1974,3,14,16,17
Portugal,1975,16,16,16,19
Portugal,1976,24,12,15,18
Portugal,1977,18,14,8,18
Portugal,1978,5,17,5,20
Portugal,1979,64,9,1,19
Portugal,1980,71,7,14,19
Portugal,1981,9,18,15,20
Portugal,1982,32,13,1,18
Portugal,1983,33,13,17,20
Portugal,1984,38,11,19,19
Portugal,1985,9,18,9,19
Portugal,1986,28,14,20,20
Portugal,1987,15,18,8,22
Portugal,1988,5,18,20,21
Portugal,1989,39,16,9,22
Portugal,1990,9,20,16,22
Portugal,1991,62,8,12,22
Portugal,1992,26,17,8,23
Portugal,1993,60,10,11,25
Portugal,1994,73,8,8,25
Portugal,1995,5,21,16,23
Portugal,1996,92,6,4,23
Portugal,1997,0,24,15,25
Portugal,1998,36,12,14,25
Portugal,1999,12,21,16,23
Portugal,2001,18,17,11,23
Portugal,2003,13,22,7,26
Portugal,2008,69,13,13,25
Portugal,2009,57,15,6,25
Portugal,2010,43,18,23,25
Portugal,2017,758,1,11,26
Portugal,2018,39,26,8,26
Portugal,2021,153,12,7,26
Portugal,2022,207,9,3,25
Romania,1994,14,21,11,25
Romania,1998,6,22,15,25
Romania,2000,25,17,6,24
Romania,2002,71,9,21,24
Romania,2003,73,10,24,26
Romania,2004,18,18,23,24
Romania,2005,158,3,4,24
Romania,2006,172,4,12,24
Romania,2007,84,13,20,24
Romania,2008,45,20,1,25
Romania,2009,40,19,22,25
Romania,2010,162,3,19,25
Romania,2011,77,17,17,25
Romania,2012,71,12,14,26
Romania,2013,65,13,14,26
Romania,2014,72,12,6,26
Romania,2015,35,15,20,27
Romania,2017,282,7,20,26
Romania,2022,65,18,2,25
Russia,1994,70,9,23,25
Russia,1995,17,17,6,23
Russia,1997,33,15,20,25
Russia,2000,155,2,9,24
Russia,2001,37,12,6,23
Russia,2002,55,10,7,24
Russia,2003,164,3,11,26
Russia,2004,67,11,14,24
Russia,2005,57,15,20,24
Russia,2006,248,2,10,24
Russia,2007,207,3,15,24
Russia,2008,272,1,24,25
Russia,2009,91,11,10,25
Russia,2010,90,11,20,25
Russia,2011,77,16,10,25
Russia,2012,259,2,6,26
Russia,2013,174,5,10,26
Russia,2014,89,7,15,26
Russia,2015,303,2,25,27
Russia,2016,491,3,18,26
Russia,2019,370,3,5,26
Russia,2021,204,9,5,26
San Marino,2014,14,24,25,26
San Marino,2019,77,19,7,26
San Marino,2021,50,22,26,26
Serbia,2007,268,1,17,24
Serbia,2008,160,6,23,25
Serbia,2010,72,13,8,25
Serbia,2011,85,14,24,25
Serbia,2012,214,3,24,26
Serbia,2015,53,10,8,27
Serbia,2016,115,18,15,26
Serbia,2018,113,19,10,26
Serbia,2019,89,18,23,26
Serbia,2021,102,15,8,26
Serbia,2022,312,5,24,25
Serbia Montenegro,2004,263,2,5,24
Serbia Montenegro,2005,137,7,12,24
Slovakia,1994,15,19,15,25
Slovakia,1996,19,18,22,23
Slovakia,1998,8,21,6,25
Slovenia,1993,9,22,16,25
Slovenia,1995,84,7,20,23
Slovenia,1996,16,21,14,23
Slovenia,1997,60,10,6,25
Slovenia,1998,17,18,12,25
Slovenia,1999,50,11,6,23
Slovenia,2001,70,7,17,23
Slovenia,2002,33,13,22,24
Slovenia,2003,7,23,26,26
Slovenia,2007,66,15,7,24
Slovenia,2011,96,13,20,25
Slovenia,2014,9,25,17,26
Slovenia,2015,39,14,1,27
Slovenia,2018,64,22,3,26
Slovenia,2019,105,15,10,26
Spain,1961,8,9,1,16
Spain,1962,0,13,3,16
Spain,1963,2,12,12,16
Spain,1964,1,12,16,16
Spain,1965,0,15,3,18
Spain,1966,9,7,11,18
Spain,1967,9,6,12,17
Spain,1968,29,1,15,17
Spain,1969,18,1,3,16
Spain,1970,8,4,9,12
Spain,1971,116,2,6,18
Spain,1972,83,10,4,18
Spain,1973,125,2,7,17
Spain,1974,10,9,3,17
Spain,1975,53,10,17,19
Spain,1976,11,16,12,18
Spain,1977,52,9,14,18
Spain,1978,65,9,7,20
Spain,1979,116,2,19,19
Spain,1980,38,12,18,19
Spain,1981,38,14,10,20
Spain,1982,52,10,12,18
Spain,1983,0,19,7,20
Spain,1984,106,3,4,19
Spain,1985,36,14,5,19
Spain,1986,51,10,9,20
Spain,1987,10,19,9,22
Spain,1988,58,11,6,21
Spain,1989,88,6,16,22
Spain,1990,96,5,1,22
Spain,1991,119,4,19,22
Spain,1992,37,14,1,23
Spain,1993,58,11,22,25
Spain,1994,17,18,21,25
Spain,1995,119,2,9,23
Spain,1996,17,20,3,23
Spain,1997,96,6,10,25
Spain,1998,21,16,4,25
Spain,1999,1,23,3,23
Spain,2000,18,18,13,24
Spain,2001,76,6,13,23
Spain,2002,81,7,5,24
Spain,2003,81,8,12,26
Spain,2004,87,10,1,24
Spain,2005,28,21,10,24
Spain,2006,18,21,6,24
Spain,2007,43,20,2,24
Spain,2008,55,16,22,25
Spain,2009,23,23,25,25
Spain,2010,68,15,2,25
Spain,2011,50,23,22,25
Spain,2012,97,10,19,26
Spain,2013,8,25,5,26
Spain,2014,74,10,19,26
Spain,2015,15,21,21,27
Spain,2016,77,22,19,26
Spain,2017,5,26,16,26
Spain,2018,61,23,2,26
Spain,2019,54,22,26,26
Spain,2021,6,24,13,26
Spain,2022,459,3,10,25
Sweden,1958,10,4,5,10
Sweden,1959,4,9,7,11
Sweden,1960,4,10,2,13
Sweden,1961,2,14,7,16
Sweden,1962,4,7,6,16
Sweden,1963,0,13,13,16
Sweden,1965,6,10,10,18
Sweden,1966,16,2,10,18
Sweden,1967,7,8,7,17
Sweden,1968,15,5,8,17
Sweden,1969,8,9,9,16
Sweden,1971,85,6,12,18
Sweden,1972,75,13,14,18
Sweden,1973,94,5,12,17
Sweden,1974,24,1,8,17
Sweden,1975,72,8,18,19
Sweden,1977,2,18,13,18
Sweden,1978,26,14,20,20
Sweden,1979,8,17,15,19
Sweden,1980,47,10,8,19
Sweden,1981,50,10,20,20
Sweden,1982,67,8,9,18
Sweden,1983,126,3,4,20
Sweden,1984,145,1,1,19
Sweden,1985,103,3,16,19
Sweden,1986,78,5,17,20
Sweden,1987,50,12,6,22
Sweden,1988,52,12,2,21
Sweden,1989,110,4,10,22
Sweden,1990,24,16,18,22
Sweden,1991,146,1,8,22
Sweden,1992,9,22,7,23
Sweden,1993,89,7,13,25
Sweden,1994,48,13,1,25
Sweden,1995,100,3,18,23
Sweden,1996,100,3,23,23
Sweden,1997,36,14,16,25
Sweden,1998,53,10,19,25
Sweden,1999,163,1,15,23
Sweden,2000,88,7,18,24
Sweden,2001,100,5,7,23
Sweden,2002,72,8,12,24
Sweden,2003,107,5,25,26
Sweden,2004,170,5,24,24
Sweden,2005,30,19,14,24
Sweden,2006,170,5,22,24
Sweden,2007,51,18,12,24
Sweden,2008,47,18,15,25
Sweden,2009,33,21,4,25
Sweden,2011,185,3,7,25
Sweden,2012,372,1,17,26
Sweden,2013,62,14,16,26
Sweden,2014,218,3,13,26
Sweden,2015,365,1,10,27
Sweden,2016,261,5,9,26
Sweden,2017,344,5,24,26
Sweden,2018,274,7,20,26
Sweden,2019,334,5,9,26
Sweden,2021,109,14,25,26
Sweden,2022,438,4,20,25
Switzerland,1957,5,8,10,10
Switzerland,1958,24,2,10,10
Switzerland,1959,14,4,8,11
Switzerland,1960,5,8,9,13
Switzerland,1961,16,3,10,16
Switzerland,1962,2,10,11,16
Switzerland,1963,40,2,10,16
Switzerland,1964,0,13,14,16
Switzerland,1965,8,8,18,18
Switzerland,1966,12,6,12,18
Switzerland,1967,0,17,6,17
Switzerland,1968,2,13,6,17
Switzerland,1969,13,5,11,16
Switzerland,1970,8,4,2,12
Switzerland,1971,78,12,4,18
Switzerland,1972,88,8,8,18
Switzerland,1973,79,12,8,17
Switzerland,1974,3,14,15,17
Switzerland,1975,77,6,7,19
Switzerland,1976,91,4,2,18
Switzerland,1977,71,6,12,18
Switzerland,1978,65,9,9,20
Switzerland,1979,60,10,8,19
Switzerland,1980,104,4,9,19
Switzerland,1981,121,4,19,20
Switzerland,1982,97,3,7,18
Switzerland,1983,28,15,8,20
Switzerland,1984,30,16,17,19
Switzerland,1985,39,12,15,19
Switzerland,1986,140,2,10,20
Switzerland,1987,26,17,22,22
Switzerland,1988,137,1,9,21
Switzerland,1989,47,13,18,22
Switzerland,1990,51,11,12,22
Switzerland,1991,118,5,5,22
Switzerland,1992,32,15,13,23
Switzerland,1993,148,3,4,25
Switzerland,1994,15,19,9,25
Switzerland,1996,22,16,9,23
Switzerland,1997,5,22,7,25
Switzerland,1998,0,25,5,25
Switzerland,2000,14,20,16,24
Switzerland,2002,15,22,11,24
Switzerland,2005,128,8,22,24
Switzerland,2006,30,16,1,24
Switzerland,2011,19,25,13,25
Switzerland,2014,64,13,20,26
Switzerland,2019,364,4,24,26
Switzerland,2021,432,3,11,26
Switzerland,2022,78,17,5,25
Turkey,1975,3,19,13,19
Turkey,1978,2,18,12,20
Turkey,1980,23,15,2,19
Turkey,1981,9,18,2,20
Turkey,1982,20,15,5,18
Turkey,1983,0,19,6,20
Turkey,1984,37,12,15,19
Turkey,1985,36,14,7,19
Turkey,1986,53,9,8,20
Turkey,1987,0,22,10,22
Turkey,1988,37,15,5,21
Turkey,1989,5,21,5,22
Turkey,1990,21,17,4,22
Turkey,1991,44,12,10,22
Turkey,1992,17,19,4,23
Turkey,1993,10,21,2,25
Turkey,1995,21,16,10,23
Turkey,1996,57,12,1,23
Turkey,1997,121,3,2,25
Turkey,1998,25,14,24,25
Turkey,1999,21,16,7,23
Turkey,2000,59,10,22,24
Turkey,2001,41,11,15,23
Turkey,2002,29,16,19,24
Turkey,2003,167,1,4,26
Turkey,2004,195,4,22,24
Turkey,2005,92,13,6,24
Turkey,2006,91,11,23,24
Turkey,2007,163,4,22,24
Turkey,2008,138,7,12,25
Turkey,2009,177,4,18,25
Turkey,2010,170,2,14,25
Turkey,2012,112,7,18,26
Ukraine,2003,30,14,16,26
Ukraine,2004,280,1,10,24
Ukraine,2005,30,19,16,24
Ukraine,2006,145,7,18,24
Ukraine,2007,235,2,18,24
Ukraine,2008,230,2,18,25
Ukraine,2009,76,12,21,25
Ukraine,2010,108,10,17,25
Ukraine,2011,159,4,23,25
Ukraine,2012,65,15,25,26
Ukraine,2013,214,3,22,26
Ukraine,2014,113,6,1,26
Ukraine,2016,534,1,21,26
Ukraine,2017,36,24,22,26
Ukraine,2018,130,17,1,26
Ukraine,2021,364,5,19,26
Ukraine,2022,631,1,12,25
United Kingdom,1957,6,7,3,10
United Kingdom,1959,16,2,10,11
United Kingdom,1960,25,2,1,13
United Kingdom,1961,24,2,15,16
United Kingdom,1962,10,4,13,16
United Kingdom,1963,28,4,1,16
United Kingdom,1964,17,2,8,16
United Kingdom,1965,26,2,2,18
United Kingdom,1966,8,9,18,18
United Kingdom,1967,47,1,11,17
United Kingdom,1968,28,2,12,17
United Kingdom,1969,18,1,7,16
United Kingdom,1970,26,2,7,12
United Kingdom,1971,98,4,9,18
United Kingdom,1972,114,2,5,18
United Kingdom,1973,123,3,15,17
United Kingdom,1974,14,4,2,17
United Kingdom,1975,138,2,9,19
United Kingdom,1976,164,1,1,18
United Kingdom,1977,121,2,9,18
United Kingdom,1978,61,11,8,20
United Kingdom,1979,73,7,17,19
United Kingdom,1980,106,3,13,19
United Kingdom,1981,136,1,14,20
United Kingdom,1982,76,7,4,18
United Kingdom,1983,79,6,3,20
United Kingdom,1984,63,7,6,19
United Kingdom,1985,100,4,14,19
United Kingdom,1986,72,7,5,20
United Kingdom,1987,47,13,14,22
United Kingdom,1988,136,2,4,21
United Kingdom,1989,130,2,7,22
United Kingdom,1990,87,6,7,22
United Kingdom,1991,47,10,20,22
United Kingdom,1992,139,2,16,23
United Kingdom,1993,164,2,19,25
United Kingdom,1994,63,10,6,25
United Kingdom,1995,76,10,15,23
United Kingdom,1996,77,8,2,23
United Kingdom,1997,227,1,24,25
United Kingdom,1998,166,2,16,25
United Kingdom,1999,38,12,5,23
United Kingdom,2000,28,16,3,24
United Kingdom,2001,28,15,16,23
United Kingdom,2002,111,3,2,24
United Kingdom,2003,0,26,15,26
United Kingdom,2004,29,16,20,24
United Kingdom,2005,18,22,2,24
United Kingdom,2006,25,19,15,24
United Kingdom,2007,19,22,19,24
United Kingdom,2008,14,25,2,25
United Kingdom,2009,173,5,23,25
United Kingdom,2010,10,25,12,25
United Kingdom,2011,100,11,14,25
United Kingdom,2012,12,25,1,26
United Kingdom,2013,23,19,15,26
United Kingdom,2014,40,17,26,26
United Kingdom,2015,5,24,5,27
United Kingdom,2016,62,24,25,26
United Kingdom,2017,111,15,18,26
United Kingdom,2018,48,24,9,26
United Kingdom,2019,11,26,16,26
United Kingdom,2021,0,26,9,26
United Kingdom,2022,466,2,22,25
Yugoslavia,1961,9,8,5,16
Yugoslavia,1962,10,4,12,16
Yugoslavia,1963,3,11,9,16
Yugoslavia,1964,0,13,13,16
Yugoslavia,1965,2,12,17,18
Yugoslavia,1966,9,7,5,18
Yugoslavia,1967,7,8,15,17
Yugoslavia,1968,8,7,17,17
Yugoslavia,1969,5,13,1,16
Yugoslavia,1970,4,11,4,12
Yugoslavia,1971,68,14,16,18
Yugoslavia,1972,87,9,13,18
Yugoslavia,1973,65,15,9,17
Yugoslavia,1974,6,12,7,17
Yugoslavia,1975,22,13,8,19
Yugoslavia,1976,10,17,18,18
Yugoslavia,1981,35,15,7,20
Yugoslavia,1982,21,14,14,18
Yugoslavia,1983,125,4,12,20
Yugoslavia,1984,26,18,12,19
Yugoslavia,1986,49,11,2,20
Yugoslavia,1987,92,4,21,22
Yugoslavia,1988,87,6,21,21
Yugoslavia,1989,137,1,22,22
Yugoslavia,1990,81,7,15,22
Yugoslavia,1991,1,21,1,22
Yugoslavia,1992,44,13,20,23
