host_city,year,host_country,artist_country,running_order
Turin,2022,Italy,Ukraine,6.0
Turin,2022,Italy,Netherlands,8.0
Turin,2022,Italy,Greece,15.0
Turin,2022,Italy,Portugal,10.0
Turin,2022,Italy,Bulgaria,7.0
Turin,2022,Italy,Slovenia,5.0
Turin,2022,Italy,Armenia,17.0
Turin,2022,Italy,Norway,16.0
Turin,2022,Italy,Lithuania,3.0
Turin,2022,Italy,Moldova,9.0
Turin,2022,Italy,Switzerland,4.0
Turin,2022,Italy,Iceland,14.0
Turin,2022,Italy,Croatia,11.0
Turin,2022,Italy,Albania,1.0
Turin,2022,Italy,Denmark,12.0
Turin,2022,Italy,Latvia,2.0
Turin,2022,Italy,Austria,13.0
Turin,2022,Italy,Sweden,17.0
Turin,2022,Italy,Australia,8.0
Turin,2022,Italy,Serbia,3.0
Turin,2022,Italy,Czech Republic,18.0
Turin,2022,Italy,Estonia,12.0
Turin,2022,Italy,Finland,1.0
Turin,2022,Italy,Belgium,16.0
Turin,2022,Italy,Azerbaijan,4.0
Turin,2022,Italy,Cyprus,9.0
Turin,2022,Italy,San Marino,7.0
Turin,2022,Italy,Malta,6.0
Turin,2022,Italy,Poland,14.0
Turin,2022,Italy,Romania,13.0
Turin,2022,Italy,North Macedonia,11.0
Turin,2022,Italy,Israel,2.0
Turin,2022,Italy,Ireland,10.0
Turin,2022,Italy,Montenegro,15.0
Turin,2022,Italy,Georgia,5.0
Turin,2022,Italy,United Kingdom,22.0
Turin,2022,Italy,Spain,10.0
Turin,2022,Italy,Italy,9.0
Turin,2022,Italy,France,6.0
Turin,2022,Italy,Germany,13.0
Turin,2022,Italy,Ukraine,12.0
Turin,2022,Italy,Netherlands,11.0
Turin,2022,Italy,Poland,23.0
Turin,2022,Italy,Estonia,25.0
Turin,2022,Italy,Lithuania,14.0
Turin,2022,Italy,Australia,21.0
Turin,2022,Italy,Azerbaijan,15.0
Turin,2022,Italy,Switzerland,5.0
Turin,2022,Italy,Romania,2.0
Turin,2022,Italy,Belgium,16.0
Turin,2022,Italy,Sweden,20.0
Turin,2022,Italy,Serbia,24.0
Turin,2022,Italy,Moldova,19.0
Turin,2022,Italy,Greece,17.0
Turin,2022,Italy,Portugal,3.0
Turin,2022,Italy,Norway,7.0
Turin,2022,Italy,Armenia,8.0
Turin,2022,Italy,Finland,4.0
Turin,2022,Italy,Czech Republic,1.0
Turin,2022,Italy,Iceland,18.0
Rotterdam,2021,Netherlands,Malta,16.0
Rotterdam,2021,Netherlands,Ukraine,15.0
Rotterdam,2021,Netherlands,Russia,3.0
Rotterdam,2021,Netherlands,Lithuania,1.0
Rotterdam,2021,Netherlands,Israel,12.0
Rotterdam,2021,Netherlands,Cyprus,8.0
Rotterdam,2021,Netherlands,Sweden,4.0
Rotterdam,2021,Netherlands,Azerbaijan,14.0
Rotterdam,2021,Netherlands,Belgium,11.0
Rotterdam,2021,Netherlands,Norway,9.0
Rotterdam,2021,Netherlands,Croatia,10.0
Rotterdam,2021,Netherlands,Romania,13.0
Rotterdam,2021,Netherlands,Slovenia,2.0
Rotterdam,2021,Netherlands,Australia,5.0
Rotterdam,2021,Netherlands,North Macedonia,6.0
Rotterdam,2021,Netherlands,Ireland,7.0
Rotterdam,2021,Netherlands,Switzerland,16.0
Rotterdam,2021,Netherlands,Iceland,8.0
Rotterdam,2021,Netherlands,Bulgaria,13.0
Rotterdam,2021,Netherlands,Portugal,12.0
Rotterdam,2021,Netherlands,Finland,14.0
Rotterdam,2021,Netherlands,Greece,4.0
Rotterdam,2021,Netherlands,Serbia,9.0
Rotterdam,2021,Netherlands,San Marino,1.0
Rotterdam,2021,Netherlands,Albania,11.0
Rotterdam,2021,Netherlands,Denmark,17.0
Rotterdam,2021,Netherlands,Austria,5.0
Rotterdam,2021,Netherlands,Estonia,2.0
Rotterdam,2021,Netherlands,Poland,6.0
Rotterdam,2021,Netherlands,Czech Republic,3.0
Rotterdam,2021,Netherlands,Georgia,10.0
Rotterdam,2021,Netherlands,Moldova,7.0
Rotterdam,2021,Netherlands,Latvia,15.0
Rotterdam,2021,Netherlands,Italy,24.0
Rotterdam,2021,Netherlands,France,20.0
Rotterdam,2021,Netherlands,Ukraine,19.0
Rotterdam,2021,Netherlands,Malta,6.0
Rotterdam,2021,Netherlands,Lithuania,18.0
Rotterdam,2021,Netherlands,Russia,5.0
Rotterdam,2021,Netherlands,Bulgaria,17.0
Rotterdam,2021,Netherlands,Sweden,25.0
Rotterdam,2021,Netherlands,Serbia,8.0
Rotterdam,2021,Netherlands,Cyprus,1.0
Rotterdam,2021,Netherlands,Israel,3.0
Rotterdam,2021,Netherlands,Norway,22.0
Rotterdam,2021,Netherlands,Belgium,4.0
Rotterdam,2021,Netherlands,Azerbaijan,21.0
Rotterdam,2021,Netherlands,Netherlands,23.0
Rotterdam,2021,Netherlands,Iceland,12.0
Rotterdam,2021,Netherlands,Finland,16.0
Rotterdam,2021,Netherlands,Greece,10.0
Rotterdam,2021,Netherlands,Portugal,7.0
Rotterdam,2021,Netherlands,Moldova,14.0
Rotterdam,2021,Netherlands,San Marino,26.0
Rotterdam,2021,Netherlands,Switzerland,11.0
Rotterdam,2021,Netherlands,Albania,2.0
Rotterdam,2021,Netherlands,Spain,13.0
Rotterdam,2021,Netherlands,Germany,15.0
Rotterdam,2021,Netherlands,United Kingdom,9.0
Rotterdam,2020,Netherlands,Slovenia,5.0
Rotterdam,2020,Netherlands,Norway,14.0
Rotterdam,2020,Netherlands,Israel,15.0
Rotterdam,2020,Netherlands,Cyprus,13.0
Rotterdam,2020,Netherlands,Azerbaijan,12.0
Rotterdam,2020,Netherlands,Ukraine,17.0
Rotterdam,2020,Netherlands,Belgium,9.0
Rotterdam,2020,Netherlands,Russia,8.0
Rotterdam,2020,Netherlands,North Macedonia,4.0
Rotterdam,2020,Netherlands,Lithuania,6.0
Rotterdam,2020,Netherlands,Australia,3.0
Rotterdam,2020,Netherlands,Ireland,7.0
Rotterdam,2020,Netherlands,Croatia,11.0
Rotterdam,2020,Netherlands,Sweden,1.0
Rotterdam,2020,Netherlands,Belarus,2.0
Rotterdam,2020,Netherlands,Malta,10.0
Rotterdam,2020,Netherlands,Romania,16.0
Rotterdam,2020,Netherlands,Czech Republic,6.0
Rotterdam,2020,Netherlands,Moldova,4.0
Rotterdam,2020,Netherlands,Greece,1.0
Rotterdam,2020,Netherlands,Portugal,15.0
Rotterdam,2020,Netherlands,Iceland,9.0
Rotterdam,2020,Netherlands,Poland,8.0
Rotterdam,2020,Netherlands,Austria,3.0
Rotterdam,2020,Netherlands,Finland,13.0
Rotterdam,2020,Netherlands,Serbia,7.0
Rotterdam,2020,Netherlands,Denmark,11.0
Rotterdam,2020,Netherlands,Estonia,2.0
Rotterdam,2020,Netherlands,Armenia,14.0
Rotterdam,2020,Netherlands,Switzerland,10.0
Rotterdam,2020,Netherlands,Bulgaria,17.0
Rotterdam,2020,Netherlands,Latvia,18.0
Rotterdam,2020,Netherlands,Georgia,16.0
Rotterdam,2020,Netherlands,Albania,12.0
Rotterdam,2020,Netherlands,San Marino,5.0
Rotterdam,2020,Netherlands,France,
Rotterdam,2020,Netherlands,Spain,
Rotterdam,2020,Netherlands,Netherlands,23.0
Rotterdam,2020,Netherlands,United Kingdom,
Rotterdam,2020,Netherlands,Germany,
Rotterdam,2020,Netherlands,Italy,
Tel Aviv,2019,Israel,Australia,12.0
Tel Aviv,2019,Israel,Czech Republic,6.0
Tel Aviv,2019,Israel,Poland,4.0
Tel Aviv,2019,Israel,Hungary,7.0
Tel Aviv,2019,Israel,Belgium,10.0
Tel Aviv,2019,Israel,Georgia,11.0
Tel Aviv,2019,Israel,Portugal,15.0
Tel Aviv,2019,Israel,Montenegro,2.0
Tel Aviv,2019,Israel,Finland,3.0
Tel Aviv,2019,Israel,Iceland,13.0
Tel Aviv,2019,Israel,Estonia,14.0
Tel Aviv,2019,Israel,Greece,16.0
Tel Aviv,2019,Israel,Slovenia,5.0
Tel Aviv,2019,Israel,Serbia,9.0
Tel Aviv,2019,Israel,San Marino,17.0
Tel Aviv,2019,Israel,Cyprus,1.0
Tel Aviv,2019,Israel,Belarus,8.0
Tel Aviv,2019,Israel,Lithuania,12.0
Tel Aviv,2019,Israel,Moldova,3.0
Tel Aviv,2019,Israel,Romania,6.0
Tel Aviv,2019,Israel,Croatia,10.0
Tel Aviv,2019,Israel,Latvia,5.0
Tel Aviv,2019,Israel,Netherlands,16.0
Tel Aviv,2019,Israel,North Macedonia,17.0
Tel Aviv,2019,Israel,Sweden,8.0
Tel Aviv,2019,Israel,Switzerland,4.0
Tel Aviv,2019,Israel,Armenia,1.0
Tel Aviv,2019,Israel,Austria,9.0
Tel Aviv,2019,Israel,Ireland,2.0
Tel Aviv,2019,Israel,Azerbaijan,18.0
Tel Aviv,2019,Israel,Russia,13.0
Tel Aviv,2019,Israel,Norway,15.0
Tel Aviv,2019,Israel,Malta,11.0
Tel Aviv,2019,Israel,Albania,14.0
Tel Aviv,2019,Israel,Denmark,7.0
Tel Aviv,2019,Israel,Italy,22.0
Tel Aviv,2019,Israel,Spain,26.0
Tel Aviv,2019,Israel,Israel,14.0
Tel Aviv,2019,Israel,United Kingdom,16.0
Tel Aviv,2019,Israel,Australia,25.0
Tel Aviv,2019,Israel,Switzerland,24.0
Tel Aviv,2019,Israel,Sweden,9.0
Tel Aviv,2019,Israel,Norway,15.0
Tel Aviv,2019,Israel,North Macedonia,8.0
Tel Aviv,2019,Israel,Azerbaijan,20.0
Tel Aviv,2019,Israel,Iceland,17.0
Tel Aviv,2019,Israel,Cyprus,11.0
Tel Aviv,2019,Israel,Malta,1.0
Tel Aviv,2019,Israel,Slovenia,10.0
Tel Aviv,2019,Israel,France,21.0
Tel Aviv,2019,Israel,Czech Republic,3.0
Tel Aviv,2019,Israel,Denmark,6.0
Tel Aviv,2019,Israel,Netherlands,12.0
Tel Aviv,2019,Israel,Russia,5.0
Tel Aviv,2019,Israel,Albania,2.0
Tel Aviv,2019,Israel,Serbia,23.0
Tel Aviv,2019,Israel,San Marino,7.0
Tel Aviv,2019,Israel,Estonia,18.0
Tel Aviv,2019,Israel,Greece,13.0
Tel Aviv,2019,Israel,Belarus,19.0
Tel Aviv,2019,Israel,Germany,4.0
Lisbon,2018,Portugal,North Macedonia,11.0
Lisbon,2018,Portugal,Greece,14.0
Lisbon,2018,Portugal,Azerbaijan,1.0
Lisbon,2018,Portugal,Iceland,2.0
Lisbon,2018,Portugal,Croatia,12.0
Lisbon,2018,Portugal,Estonia,9.0
Lisbon,2018,Portugal,Israel,7.0
Lisbon,2018,Portugal,Belgium,4.0
Lisbon,2018,Portugal,Armenia,16.0
Lisbon,2018,Portugal,Belarus,8.0
Lisbon,2018,Portugal,Switzerland,17.0
Lisbon,2018,Portugal,Czech Republic,5.0
Lisbon,2018,Portugal,Cyprus,19.0
Lisbon,2018,Portugal,Ireland,18.0
Lisbon,2018,Portugal,Albania,3.0
Lisbon,2018,Portugal,Lithuania,6.0
Lisbon,2018,Portugal,Austria,13.0
Lisbon,2018,Portugal,Bulgaria,10.0
Lisbon,2018,Portugal,Finland,15.0
Lisbon,2018,Portugal,San Marino,4.0
Lisbon,2018,Portugal,Poland,11.0
Lisbon,2018,Portugal,Romania,2.0
Lisbon,2018,Portugal,Georgia,10.0
Lisbon,2018,Portugal,Norway,1.0
Lisbon,2018,Portugal,Slovenia,17.0
Lisbon,2018,Portugal,Australia,9.0
Lisbon,2018,Portugal,Denmark,5.0
Lisbon,2018,Portugal,Serbia,3.0
Lisbon,2018,Portugal,Netherlands,8.0
Lisbon,2018,Portugal,Moldova,7.0
Lisbon,2018,Portugal,Ukraine,18.0
Lisbon,2018,Portugal,Latvia,14.0
Lisbon,2018,Portugal,Malta,12.0
Lisbon,2018,Portugal,Russia,6.0
Lisbon,2018,Portugal,Montenegro,16.0
Lisbon,2018,Portugal,Hungary,13.0
Lisbon,2018,Portugal,Sweden,15.0
Lisbon,2018,Portugal,Netherlands,23.0
Lisbon,2018,Portugal,Moldova,19.0
Lisbon,2018,Portugal,Ukraine,1.0
Lisbon,2018,Portugal,Norway,7.0
Lisbon,2018,Portugal,Slovenia,3.0
Lisbon,2018,Portugal,Estonia,6.0
Lisbon,2018,Portugal,Israel,22.0
Lisbon,2018,Portugal,Australia,16.0
Lisbon,2018,Portugal,Denmark,15.0
Lisbon,2018,Portugal,Serbia,10.0
Lisbon,2018,Portugal,Czech Republic,14.0
Lisbon,2018,Portugal,Cyprus,25.0
Lisbon,2018,Portugal,Ireland,24.0
Lisbon,2018,Portugal,Albania,12.0
Lisbon,2018,Portugal,Hungary,21.0
Lisbon,2018,Portugal,Sweden,20.0
Lisbon,2018,Portugal,Lithuania,4.0
Lisbon,2018,Portugal,Austria,5.0
Lisbon,2018,Portugal,Bulgaria,18.0
Lisbon,2018,Portugal,Finland,17.0
Lisbon,2018,Portugal,Portugal,8.0
Lisbon,2018,Portugal,United Kingdom,9.0
Lisbon,2018,Portugal,Spain,2.0
Lisbon,2018,Portugal,Italy,26.0
Lisbon,2018,Portugal,France,13.0
Lisbon,2018,Portugal,Germany,11.0
Kyiv,2017,Ukraine,Iceland,13.0
Kyiv,2017,Ukraine,Latvia,18.0
Kyiv,2017,Ukraine,Czech Republic,14.0
Kyiv,2017,Ukraine,Slovenia,17.0
Kyiv,2017,Ukraine,Albania,4.0
Kyiv,2017,Ukraine,Georgia,2.0
Kyiv,2017,Ukraine,Finland,7.0
Kyiv,2017,Ukraine,Montenegro,6.0
Kyiv,2017,Ukraine,Poland,11.0
Kyiv,2017,Ukraine,Greece,10.0
Kyiv,2017,Ukraine,Moldova,12.0
Kyiv,2017,Ukraine,Armenia,16.0
Kyiv,2017,Ukraine,Sweden,1.0
Kyiv,2017,Ukraine,Belgium,5.0
Kyiv,2017,Ukraine,Australia,3.0
Kyiv,2017,Ukraine,Azerbaijan,8.0
Kyiv,2017,Ukraine,Cyprus,15.0
Kyiv,2017,Ukraine,Portugal,9.0
Kyiv,2017,Ukraine,Lithuania,16.0
Kyiv,2017,Ukraine,San Marino,10.0
Kyiv,2017,Ukraine,Estonia,17.0
Kyiv,2017,Ukraine,Switzerland,13.0
Kyiv,2017,Ukraine,Ireland,9.0
Kyiv,2017,Ukraine,Serbia,1.0
Kyiv,2017,Ukraine,Malta,4.0
Kyiv,2017,Ukraine,North Macedonia,3.0
Kyiv,2017,Ukraine,Norway,12.0
Kyiv,2017,Ukraine,Belarus,14.0
Kyiv,2017,Ukraine,Croatia,11.0
Kyiv,2017,Ukraine,Bulgaria,15.0
Kyiv,2017,Ukraine,Israel,18.0
Kyiv,2017,Ukraine,Austria,2.0
Kyiv,2017,Ukraine,Hungary,7.0
Kyiv,2017,Ukraine,Romania,5.0
Kyiv,2017,Ukraine,Denmark,8.0
Kyiv,2017,Ukraine,Netherlands,6.0
Kyiv,2017,Ukraine,France,26.0
Kyiv,2017,Ukraine,Germany,21.0
Kyiv,2017,Ukraine,Spain,16.0
Kyiv,2017,Ukraine,United Kingdom,18.0
Kyiv,2017,Ukraine,Italy,9.0
Kyiv,2017,Ukraine,Ukraine,22.0
Kyiv,2017,Ukraine,Poland,2.0
Kyiv,2017,Ukraine,Greece,15.0
Kyiv,2017,Ukraine,Moldova,7.0
Kyiv,2017,Ukraine,Armenia,5.0
Kyiv,2017,Ukraine,Sweden,24.0
Kyiv,2017,Ukraine,Belgium,23.0
Kyiv,2017,Ukraine,Australia,14.0
Kyiv,2017,Ukraine,Azerbaijan,12.0
Kyiv,2017,Ukraine,Cyprus,19.0
Kyiv,2017,Ukraine,Portugal,11.0
Kyiv,2017,Ukraine,Norway,17.0
Kyiv,2017,Ukraine,Belarus,3.0
Kyiv,2017,Ukraine,Croatia,13.0
Kyiv,2017,Ukraine,Bulgaria,25.0
Kyiv,2017,Ukraine,Israel,1.0
Kyiv,2017,Ukraine,Austria,4.0
Kyiv,2017,Ukraine,Hungary,8.0
Kyiv,2017,Ukraine,Romania,20.0
Kyiv,2017,Ukraine,Denmark,10.0
Kyiv,2017,Ukraine,Netherlands,6.0
Stockholm,2016,Sweden,San Marino,8.0
Stockholm,2016,Sweden,Iceland,16.0
Stockholm,2016,Sweden,Montenegro,15.0
Stockholm,2016,Sweden,Greece,2.0
Stockholm,2016,Sweden,Estonia,13.0
Stockholm,2016,Sweden,Bosnia & Herzegovina,17.0
Stockholm,2016,Sweden,Moldova,3.0
Stockholm,2016,Sweden,Finland,1.0
Stockholm,2016,Sweden,Austria,12.0
Stockholm,2016,Sweden,Netherlands,6.0
Stockholm,2016,Sweden,Russia,9.0
Stockholm,2016,Sweden,Hungary,4.0
Stockholm,2016,Sweden,Czech Republic,10.0
Stockholm,2016,Sweden,Armenia,7.0
Stockholm,2016,Sweden,Malta,18.0
Stockholm,2016,Sweden,Cyprus,11.0
Stockholm,2016,Sweden,Croatia,5.0
Stockholm,2016,Sweden,Azerbaijan,14.0
Stockholm,2016,Sweden,Norway,15.0
Stockholm,2016,Sweden,Slovenia,11.0
Stockholm,2016,Sweden,Denmark,13.0
Stockholm,2016,Sweden,North Macedonia,8.0
Stockholm,2016,Sweden,Switzerland,3.0
Stockholm,2016,Sweden,Ireland,7.0
Stockholm,2016,Sweden,Belarus,5.0
Stockholm,2016,Sweden,Albania,17.0
Stockholm,2016,Sweden,Serbia,6.0
Stockholm,2016,Sweden,Poland,2.0
Stockholm,2016,Sweden,Belgium,18.0
Stockholm,2016,Sweden,Ukraine,14.0
Stockholm,2016,Sweden,Lithuania,9.0
Stockholm,2016,Sweden,Australia,10.0
Stockholm,2016,Sweden,Georgia,16.0
Stockholm,2016,Sweden,Bulgaria,12.0
Stockholm,2016,Sweden,Latvia,1.0
Stockholm,2016,Sweden,Israel,4.0
Stockholm,2016,Sweden,Serbia,15.0
Stockholm,2016,Sweden,Poland,12.0
Stockholm,2016,Sweden,Belgium,1.0
Stockholm,2016,Sweden,Ukraine,21.0
Stockholm,2016,Sweden,Lithuania,16.0
Stockholm,2016,Sweden,Australia,13.0
Stockholm,2016,Sweden,Georgia,23.0
Stockholm,2016,Sweden,Bulgaria,8.0
Stockholm,2016,Sweden,Latvia,20.0
Stockholm,2016,Sweden,Israel,7.0
Stockholm,2016,Sweden,Austria,24.0
Stockholm,2016,Sweden,Netherlands,3.0
Stockholm,2016,Sweden,Russia,18.0
Stockholm,2016,Sweden,Hungary,5.0
Stockholm,2016,Sweden,Czech Republic,2.0
Stockholm,2016,Sweden,Armenia,26.0
Stockholm,2016,Sweden,Malta,22.0
Stockholm,2016,Sweden,Cyprus,14.0
Stockholm,2016,Sweden,Croatia,17.0
Stockholm,2016,Sweden,Azerbaijan,4.0
Stockholm,2016,Sweden,United Kingdom,25.0
Stockholm,2016,Sweden,France,11.0
Stockholm,2016,Sweden,Italy,6.0
Stockholm,2016,Sweden,Spain,19.0
Stockholm,2016,Sweden,Germany,10.0
Stockholm,2016,Sweden,Sweden,9.0
Vienna,2015,Austria,Finland,5.0
Vienna,2015,Austria,Moldova,1.0
Vienna,2015,Austria,Netherlands,4.0
Vienna,2015,Austria,North Macedonia,8.0
Vienna,2015,Austria,Belarus,11.0
Vienna,2015,Austria,Denmark,13.0
Vienna,2015,Austria,Armenia,2.0
Vienna,2015,Austria,Hungary,10.0
Vienna,2015,Austria,Belgium,3.0
Vienna,2015,Austria,Georgia,16.0
Vienna,2015,Austria,Albania,14.0
Vienna,2015,Austria,Russia,12.0
Vienna,2015,Austria,Estonia,7.0
Vienna,2015,Austria,Romania,15.0
Vienna,2015,Austria,Greece,6.0
Vienna,2015,Austria,Serbia,9.0
Vienna,2015,Austria,Portugal,7.0
Vienna,2015,Austria,Iceland,12.0
Vienna,2015,Austria,Malta,5.0
Vienna,2015,Austria,San Marino,3.0
Vienna,2015,Austria,Czech Republic,8.0
Vienna,2015,Austria,Ireland,2.0
Vienna,2015,Austria,Switzerland,14.0
Vienna,2015,Austria,Sweden,13.0
Vienna,2015,Austria,Montenegro,4.0
Vienna,2015,Austria,Cyprus,15.0
Vienna,2015,Austria,Israel,9.0
Vienna,2015,Austria,Poland,17.0
Vienna,2015,Austria,Lithuania,1.0
Vienna,2015,Austria,Latvia,10.0
Vienna,2015,Austria,Slovenia,16.0
Vienna,2015,Austria,Azerbaijan,11.0
Vienna,2015,Austria,Norway,6.0
Vienna,2015,Austria,Australia,12.0
Vienna,2015,Austria,Spain,21.0
Vienna,2015,Austria,France,2.0
Vienna,2015,Austria,Italy,27.0
Vienna,2015,Austria,United Kingdom,5.0
Vienna,2015,Austria,Armenia,6.0
Vienna,2015,Austria,Hungary,22.0
Vienna,2015,Austria,Belgium,13.0
Vienna,2015,Austria,Georgia,23.0
Vienna,2015,Austria,Albania,26.0
Vienna,2015,Austria,Russia,25.0
Vienna,2015,Austria,Estonia,4.0
Vienna,2015,Austria,Romania,20.0
Vienna,2015,Austria,Greece,15.0
Vienna,2015,Austria,Serbia,8.0
Vienna,2015,Austria,Sweden,10.0
Vienna,2015,Austria,Montenegro,16.0
Vienna,2015,Austria,Austria,14.0
Vienna,2015,Austria,Germany,17.0
Vienna,2015,Austria,Cyprus,11.0
Vienna,2015,Austria,Israel,3.0
Vienna,2015,Austria,Poland,18.0
Vienna,2015,Austria,Lithuania,7.0
Vienna,2015,Austria,Latvia,19.0
Vienna,2015,Austria,Slovenia,1.0
Vienna,2015,Austria,Azerbaijan,24.0
Vienna,2015,Austria,Norway,9.0
Copenhagen,2014,Denmark,Portugal,13.0
Copenhagen,2014,Denmark,Moldova,11.0
Copenhagen,2014,Denmark,Belgium,10.0
Copenhagen,2014,Denmark,Estonia,3.0
Copenhagen,2014,Denmark,Latvia,2.0
Copenhagen,2014,Denmark,Albania,6.0
Copenhagen,2014,Denmark,Netherlands,14.0
Copenhagen,2014,Denmark,Ukraine,9.0
Copenhagen,2014,Denmark,San Marino,12.0
Copenhagen,2014,Denmark,Montenegro,15.0
Copenhagen,2014,Denmark,Hungary,16.0
Copenhagen,2014,Denmark,Armenia,1.0
Copenhagen,2014,Denmark,Azerbaijan,8.0
Copenhagen,2014,Denmark,Russia,7.0
Copenhagen,2014,Denmark,Iceland,5.0
Copenhagen,2014,Denmark,Sweden,4.0
Copenhagen,2014,Denmark,Ireland,9.0
Copenhagen,2014,Denmark,North Macedonia,11.0
Copenhagen,2014,Denmark,Lithuania,7.0
Copenhagen,2014,Denmark,Georgia,4.0
Copenhagen,2014,Denmark,Israel,2.0
Copenhagen,2014,Denmark,Greece,13.0
Copenhagen,2014,Denmark,Switzerland,12.0
Copenhagen,2014,Denmark,Belarus,10.0
Copenhagen,2014,Denmark,Slovenia,14.0
Copenhagen,2014,Denmark,Romania,15.0
Copenhagen,2014,Denmark,Finland,8.0
Copenhagen,2014,Denmark,Malta,1.0
Copenhagen,2014,Denmark,Poland,5.0
Copenhagen,2014,Denmark,Austria,6.0
Copenhagen,2014,Denmark,Norway,3.0
Copenhagen,2014,Denmark,United Kingdom,26.0
Copenhagen,2014,Denmark,Italy,16.0
Copenhagen,2014,Denmark,Germany,12.0
Copenhagen,2014,Denmark,Denmark,23.0
Copenhagen,2014,Denmark,France,14.0
Copenhagen,2014,Denmark,Spain,19.0
Copenhagen,2014,Denmark,Netherlands,24.0
Copenhagen,2014,Denmark,Ukraine,1.0
Copenhagen,2014,Denmark,San Marino,25.0
Copenhagen,2014,Denmark,Montenegro,8.0
Copenhagen,2014,Denmark,Hungary,21.0
Copenhagen,2014,Denmark,Armenia,7.0
Copenhagen,2014,Denmark,Azerbaijan,3.0
Copenhagen,2014,Denmark,Russia,15.0
Copenhagen,2014,Denmark,Iceland,4.0
Copenhagen,2014,Denmark,Sweden,13.0
Copenhagen,2014,Denmark,Greece,10.0
Copenhagen,2014,Denmark,Switzerland,20.0
Copenhagen,2014,Denmark,Belarus,2.0
Copenhagen,2014,Denmark,Slovenia,17.0
Copenhagen,2014,Denmark,Romania,6.0
Copenhagen,2014,Denmark,Finland,18.0
Copenhagen,2014,Denmark,Malta,22.0
Copenhagen,2014,Denmark,Poland,9.0
Copenhagen,2014,Denmark,Austria,11.0
Copenhagen,2014,Denmark,Norway,5.0
Malmö,2013,Sweden,Serbia,16.0
Malmö,2013,Sweden,Montenegro,9.0
Malmö,2013,Sweden,Slovenia,3.0
Malmö,2013,Sweden,Cyprus,14.0
Malmö,2013,Sweden,Austria,1.0
Malmö,2013,Sweden,Croatia,4.0
Malmö,2013,Sweden,Netherlands,8.0
Malmö,2013,Sweden,Belgium,15.0
Malmö,2013,Sweden,Ukraine,7.0
Malmö,2013,Sweden,Russia,6.0
Malmö,2013,Sweden,Ireland,13.0
Malmö,2013,Sweden,Moldova,12.0
Malmö,2013,Sweden,Estonia,2.0
Malmö,2013,Sweden,Belarus,11.0
Malmö,2013,Sweden,Lithuania,10.0
Malmö,2013,Sweden,Denmark,5.0
Malmö,2013,Sweden,Bulgaria,7.0
Malmö,2013,Sweden,North Macedonia,3.0
Malmö,2013,Sweden,San Marino,2.0
Malmö,2013,Sweden,Switzerland,16.0
Malmö,2013,Sweden,Albania,14.0
Malmö,2013,Sweden,Latvia,1.0
Malmö,2013,Sweden,Israel,10.0
Malmö,2013,Sweden,Armenia,11.0
Malmö,2013,Sweden,Hungary,12.0
Malmö,2013,Sweden,Finland,5.0
Malmö,2013,Sweden,Romania,17.0
Malmö,2013,Sweden,Georgia,15.0
Malmö,2013,Sweden,Azerbaijan,4.0
Malmö,2013,Sweden,Norway,13.0
Malmö,2013,Sweden,Malta,6.0
Malmö,2013,Sweden,Iceland,8.0
Malmö,2013,Sweden,Greece,9.0
Malmö,2013,Sweden,Armenia,12.0
Malmö,2013,Sweden,Netherlands,13.0
Malmö,2013,Sweden,Belgium,6.0
Malmö,2013,Sweden,Hungary,17.0
Malmö,2013,Sweden,Finland,4.0
Malmö,2013,Sweden,Ukraine,22.0
Malmö,2013,Sweden,Russia,10.0
Malmö,2013,Sweden,Romania,14.0
Malmö,2013,Sweden,Georgia,25.0
Malmö,2013,Sweden,Azerbaijan,20.0
Malmö,2013,Sweden,Ireland,26.0
Malmö,2013,Sweden,Moldova,3.0
Malmö,2013,Sweden,Norway,24.0
Malmö,2013,Sweden,Estonia,7.0
Malmö,2013,Sweden,Belarus,8.0
Malmö,2013,Sweden,Malta,9.0
Malmö,2013,Sweden,Lithuania,2.0
Malmö,2013,Sweden,Iceland,19.0
Malmö,2013,Sweden,Greece,21.0
Malmö,2013,Sweden,Denmark,18.0
Malmö,2013,Sweden,Spain,5.0
Malmö,2013,Sweden,Italy,23.0
Malmö,2013,Sweden,United Kingdom,15.0
Malmö,2013,Sweden,Sweden,16.0
Malmö,2013,Sweden,Germany,11.0
Malmö,2013,Sweden,France,1.0
Baku,2012,Azerbaijan,Israel,10.0
Baku,2012,Azerbaijan,Finland,9.0
Baku,2012,Azerbaijan,Switzerland,7.0
Baku,2012,Azerbaijan,San Marino,11.0
Baku,2012,Azerbaijan,Latvia,4.0
Baku,2012,Azerbaijan,Belgium,8.0
Baku,2012,Azerbaijan,Austria,16.0
Baku,2012,Azerbaijan,Montenegro,1.0
Baku,2012,Azerbaijan,Hungary,15.0
Baku,2012,Azerbaijan,Ireland,18.0
Baku,2012,Azerbaijan,Greece,3.0
Baku,2012,Azerbaijan,Russia,14.0
Baku,2012,Azerbaijan,Denmark,13.0
Baku,2012,Azerbaijan,Albania,5.0
Baku,2012,Azerbaijan,Romania,6.0
Baku,2012,Azerbaijan,Cyprus,12.0
Baku,2012,Azerbaijan,Moldova,17.0
Baku,2012,Azerbaijan,Iceland,2.0
Baku,2012,Azerbaijan,Bulgaria,8.0
Baku,2012,Azerbaijan,Croatia,10.0
Baku,2012,Azerbaijan,Slovakia,15.0
Baku,2012,Azerbaijan,Belarus,5.0
Baku,2012,Azerbaijan,Slovenia,9.0
Baku,2012,Azerbaijan,Portugal,6.0
Baku,2012,Azerbaijan,Netherlands,3.0
Baku,2012,Azerbaijan,Georgia,12.0
Baku,2012,Azerbaijan,Bosnia & Herzegovina,17.0
Baku,2012,Azerbaijan,Lithuania,18.0
Baku,2012,Azerbaijan,Ukraine,7.0
Baku,2012,Azerbaijan,Norway,16.0
Baku,2012,Azerbaijan,Malta,4.0
Baku,2012,Azerbaijan,Turkey,13.0
Baku,2012,Azerbaijan,Estonia,14.0
Baku,2012,Azerbaijan,North Macedonia,2.0
Baku,2012,Azerbaijan,Sweden,11.0
Baku,2012,Azerbaijan,Serbia,1.0
Baku,2012,Azerbaijan,France,9.0
Baku,2012,Azerbaijan,Azerbaijan,13.0
Baku,2012,Azerbaijan,United Kingdom,1.0
Baku,2012,Azerbaijan,Italy,10.0
Baku,2012,Azerbaijan,Spain,19.0
Baku,2012,Azerbaijan,Germany,20.0
Baku,2012,Azerbaijan,Bosnia & Herzegovina,5.0
Baku,2012,Azerbaijan,Lithuania,4.0
Baku,2012,Azerbaijan,Ukraine,25.0
Baku,2012,Azerbaijan,Norway,12.0
Baku,2012,Azerbaijan,Malta,21.0
Baku,2012,Azerbaijan,Turkey,18.0
Baku,2012,Azerbaijan,Estonia,11.0
Baku,2012,Azerbaijan,North Macedonia,22.0
Baku,2012,Azerbaijan,Sweden,17.0
Baku,2012,Azerbaijan,Serbia,24.0
Baku,2012,Azerbaijan,Hungary,2.0
Baku,2012,Azerbaijan,Ireland,23.0
Baku,2012,Azerbaijan,Greece,16.0
Baku,2012,Azerbaijan,Russia,6.0
Baku,2012,Azerbaijan,Denmark,15.0
Baku,2012,Azerbaijan,Albania,3.0
Baku,2012,Azerbaijan,Romania,14.0
Baku,2012,Azerbaijan,Cyprus,8.0
Baku,2012,Azerbaijan,Moldova,26.0
Baku,2012,Azerbaijan,Iceland,7.0
Düsseldorf,2011,Germany,Albania,3.0
Düsseldorf,2011,Germany,Poland,1.0
Düsseldorf,2011,Germany,Malta,11.0
Düsseldorf,2011,Germany,Portugal,16.0
Düsseldorf,2011,Germany,San Marino,12.0
Düsseldorf,2011,Germany,Armenia,4.0
Düsseldorf,2011,Germany,Norway,2.0
Düsseldorf,2011,Germany,Turkey,5.0
Düsseldorf,2011,Germany,Croatia,13.0
Düsseldorf,2011,Germany,Finland,10.0
Düsseldorf,2011,Germany,Georgia,9.0
Düsseldorf,2011,Germany,Greece,19.0
Düsseldorf,2011,Germany,Iceland,14.0
Düsseldorf,2011,Germany,Russia,7.0
Düsseldorf,2011,Germany,Serbia,6.0
Düsseldorf,2011,Germany,Switzerland,8.0
Düsseldorf,2011,Germany,Azerbaijan,18.0
Düsseldorf,2011,Germany,Hungary,15.0
Düsseldorf,2011,Germany,Lithuania,17.0
Düsseldorf,2011,Germany,Belgium,4.0
Düsseldorf,2011,Germany,Cyprus,9.0
Düsseldorf,2011,Germany,Slovakia,5.0
Düsseldorf,2011,Germany,Netherlands,3.0
Düsseldorf,2011,Germany,Belarus,16.0
Düsseldorf,2011,Germany,Bulgaria,10.0
Düsseldorf,2011,Germany,North Macedonia,11.0
Düsseldorf,2011,Germany,Israel,12.0
Düsseldorf,2011,Germany,Latvia,17.0
Düsseldorf,2011,Germany,Austria,2.0
Düsseldorf,2011,Germany,Bosnia & Herzegovina,1.0
Düsseldorf,2011,Germany,Moldova,7.0
Düsseldorf,2011,Germany,Sweden,8.0
Düsseldorf,2011,Germany,Ukraine,6.0
Düsseldorf,2011,Germany,Denmark,18.0
Düsseldorf,2011,Germany,Estonia,15.0
Düsseldorf,2011,Germany,Ireland,19.0
Düsseldorf,2011,Germany,Romania,14.0
Düsseldorf,2011,Germany,Slovenia,13.0
Düsseldorf,2011,Germany,Spain,22.0
Düsseldorf,2011,Germany,France,11.0
Düsseldorf,2011,Germany,United Kingdom,14.0
Düsseldorf,2011,Germany,Italy,12.0
Düsseldorf,2011,Germany,Germany,16.0
Düsseldorf,2011,Germany,Austria,18.0
Düsseldorf,2011,Germany,Bosnia & Herzegovina,2.0
Düsseldorf,2011,Germany,Moldova,15.0
Düsseldorf,2011,Germany,Sweden,7.0
Düsseldorf,2011,Germany,Ukraine,23.0
Düsseldorf,2011,Germany,Denmark,3.0
Düsseldorf,2011,Germany,Estonia,8.0
Düsseldorf,2011,Germany,Ireland,6.0
Düsseldorf,2011,Germany,Romania,17.0
Düsseldorf,2011,Germany,Slovenia,20.0
Düsseldorf,2011,Germany,Finland,1.0
Düsseldorf,2011,Germany,Georgia,25.0
Düsseldorf,2011,Germany,Greece,9.0
Düsseldorf,2011,Germany,Iceland,21.0
Düsseldorf,2011,Germany,Russia,10.0
Düsseldorf,2011,Germany,Serbia,24.0
Düsseldorf,2011,Germany,Switzerland,13.0
Düsseldorf,2011,Germany,Azerbaijan,19.0
Düsseldorf,2011,Germany,Hungary,5.0
Düsseldorf,2011,Germany,Lithuania,4.0
Oslo,2010,Norway,Estonia,3.0
Oslo,2010,Norway,Poland,9.0
Oslo,2010,Norway,Latvia,6.0
Oslo,2010,Norway,North Macedonia,15.0
Oslo,2010,Norway,Malta,11.0
Oslo,2010,Norway,Slovakia,4.0
Oslo,2010,Norway,Finland,5.0
Oslo,2010,Norway,Albania,12.0
Oslo,2010,Norway,Belgium,10.0
Oslo,2010,Norway,Belarus,16.0
Oslo,2010,Norway,Portugal,14.0
Oslo,2010,Norway,Moldova,1.0
Oslo,2010,Norway,Iceland,17.0
Oslo,2010,Norway,Bosnia & Herzegovina,8.0
Oslo,2010,Norway,Greece,13.0
Oslo,2010,Norway,Russia,2.0
Oslo,2010,Norway,Serbia,7.0
Oslo,2010,Norway,Croatia,15.0
Oslo,2010,Norway,Bulgaria,13.0
Oslo,2010,Norway,Netherlands,9.0
Oslo,2010,Norway,Sweden,6.0
Oslo,2010,Norway,Slovenia,11.0
Oslo,2010,Norway,Lithuania,1.0
Oslo,2010,Norway,Switzerland,5.0
Oslo,2010,Norway,Armenia,2.0
Oslo,2010,Norway,Israel,3.0
Oslo,2010,Norway,Romania,10.0
Oslo,2010,Norway,Cyprus,14.0
Oslo,2010,Norway,Azerbaijan,7.0
Oslo,2010,Norway,Denmark,4.0
Oslo,2010,Norway,Ukraine,8.0
Oslo,2010,Norway,Ireland,12.0
Oslo,2010,Norway,Turkey,17.0
Oslo,2010,Norway,Georgia,16.0
Oslo,2010,Norway,Armenia,21.0
Oslo,2010,Norway,Israel,24.0
Oslo,2010,Norway,Romania,19.0
Oslo,2010,Norway,Cyprus,5.0
Oslo,2010,Norway,Azerbaijan,1.0
Oslo,2010,Norway,Denmark,25.0
Oslo,2010,Norway,Ukraine,17.0
Oslo,2010,Norway,Ireland,10.0
Oslo,2010,Norway,Turkey,14.0
Oslo,2010,Norway,Georgia,13.0
Oslo,2010,Norway,Albania,15.0
Oslo,2010,Norway,Belgium,7.0
Oslo,2010,Norway,Belarus,9.0
Oslo,2010,Norway,Portugal,23.0
Oslo,2010,Norway,Moldova,4.0
Oslo,2010,Norway,Iceland,16.0
Oslo,2010,Norway,Bosnia & Herzegovina,6.0
Oslo,2010,Norway,Greece,11.0
Oslo,2010,Norway,Russia,20.0
Oslo,2010,Norway,Serbia,8.0
Oslo,2010,Norway,United Kingdom,12.0
Oslo,2010,Norway,France,18.0
Oslo,2010,Norway,Spain,2.0
Oslo,2010,Norway,Germany,22.0
Oslo,2010,Norway,Norway,3.0
Moscow,2009,Russia,Belarus,4.0
Moscow,2009,Russia,North Macedonia,13.0
Moscow,2009,Russia,Switzerland,8.0
Moscow,2009,Russia,Bulgaria,11.0
Moscow,2009,Russia,Montenegro,1.0
Moscow,2009,Russia,Czech Republic,2.0
Moscow,2009,Russia,Andorra,7.0
Moscow,2009,Russia,Belgium,3.0
Moscow,2009,Russia,Armenia,6.0
Moscow,2009,Russia,Malta,17.0
Moscow,2009,Russia,Romania,14.0
Moscow,2009,Russia,Turkey,9.0
Moscow,2009,Russia,Finland,15.0
Moscow,2009,Russia,Portugal,16.0
Moscow,2009,Russia,Iceland,12.0
Moscow,2009,Russia,Israel,10.0
Moscow,2009,Russia,Bosnia & Herzegovina,18.0
Moscow,2009,Russia,Sweden,5.0
Moscow,2009,Russia,Slovakia,8.0
Moscow,2009,Russia,Ireland,2.0
Moscow,2009,Russia,Cyprus,7.0
Moscow,2009,Russia,Poland,5.0
Moscow,2009,Russia,Serbia,4.0
Moscow,2009,Russia,Hungary,11.0
Moscow,2009,Russia,Latvia,3.0
Moscow,2009,Russia,Netherlands,19.0
Moscow,2009,Russia,Slovenia,10.0
Moscow,2009,Russia,Albania,16.0
Moscow,2009,Russia,Moldova,15.0
Moscow,2009,Russia,Estonia,18.0
Moscow,2009,Russia,Croatia,1.0
Moscow,2009,Russia,Lithuania,14.0
Moscow,2009,Russia,Greece,13.0
Moscow,2009,Russia,Ukraine,17.0
Moscow,2009,Russia,Norway,6.0
Moscow,2009,Russia,Azerbaijan,12.0
Moscow,2009,Russia,Denmark,9.0
Moscow,2009,Russia,France,3.0
Moscow,2009,Russia,Germany,17.0
Moscow,2009,Russia,United Kingdom,23.0
Moscow,2009,Russia,Spain,25.0
Moscow,2009,Russia,Russia,10.0
Moscow,2009,Russia,Albania,19.0
Moscow,2009,Russia,Moldova,13.0
Moscow,2009,Russia,Estonia,15.0
Moscow,2009,Russia,Croatia,5.0
Moscow,2009,Russia,Lithuania,1.0
Moscow,2009,Russia,Greece,8.0
Moscow,2009,Russia,Ukraine,21.0
Moscow,2009,Russia,Norway,20.0
Moscow,2009,Russia,Azerbaijan,11.0
Moscow,2009,Russia,Denmark,16.0
Moscow,2009,Russia,Armenia,9.0
Moscow,2009,Russia,Malta,14.0
Moscow,2009,Russia,Romania,22.0
Moscow,2009,Russia,Turkey,18.0
Moscow,2009,Russia,Finland,24.0
Moscow,2009,Russia,Portugal,6.0
Moscow,2009,Russia,Iceland,7.0
Moscow,2009,Russia,Israel,2.0
Moscow,2009,Russia,Bosnia & Herzegovina,12.0
Moscow,2009,Russia,Sweden,4.0
Belgrade,2008,Serbia,Andorra,12.0
Belgrade,2008,Serbia,Belgium,6.0
Belgrade,2008,Serbia,Slovenia,8.0
Belgrade,2008,Serbia,San Marino,5.0
Belgrade,2008,Serbia,Moldova,4.0
Belgrade,2008,Serbia,Netherlands,15.0
Belgrade,2008,Serbia,Estonia,3.0
Belgrade,2008,Serbia,Ireland,11.0
Belgrade,2008,Serbia,Montenegro,1.0
Belgrade,2008,Serbia,Russia,18.0
Belgrade,2008,Serbia,Azerbaijan,7.0
Belgrade,2008,Serbia,Armenia,14.0
Belgrade,2008,Serbia,Norway,9.0
Belgrade,2008,Serbia,Romania,17.0
Belgrade,2008,Serbia,Bosnia & Herzegovina,13.0
Belgrade,2008,Serbia,Poland,10.0
Belgrade,2008,Serbia,Israel,2.0
Belgrade,2008,Serbia,Greece,19.0
Belgrade,2008,Serbia,Finland,16.0
Belgrade,2008,Serbia,Malta,16.0
Belgrade,2008,Serbia,Czech Republic,8.0
Belgrade,2008,Serbia,Lithuania,5.0
Belgrade,2008,Serbia,Hungary,15.0
Belgrade,2008,Serbia,Belarus,9.0
Belgrade,2008,Serbia,Cyprus,17.0
Belgrade,2008,Serbia,North Macedonia,18.0
Belgrade,2008,Serbia,Switzerland,7.0
Belgrade,2008,Serbia,Bulgaria,12.0
Belgrade,2008,Serbia,Georgia,14.0
Belgrade,2008,Serbia,Turkey,3.0
Belgrade,2008,Serbia,Sweden,2.0
Belgrade,2008,Serbia,Albania,6.0
Belgrade,2008,Serbia,Latvia,10.0
Belgrade,2008,Serbia,Iceland,1.0
Belgrade,2008,Serbia,Ukraine,4.0
Belgrade,2008,Serbia,Portugal,19.0
Belgrade,2008,Serbia,Denmark,13.0
Belgrade,2008,Serbia,Croatia,11.0
Belgrade,2008,Serbia,Georgia,17.0
Belgrade,2008,Serbia,Turkey,12.0
Belgrade,2008,Serbia,Sweden,15.0
Belgrade,2008,Serbia,Albania,3.0
Belgrade,2008,Serbia,Latvia,14.0
Belgrade,2008,Serbia,Iceland,11.0
Belgrade,2008,Serbia,Ukraine,18.0
Belgrade,2008,Serbia,Portugal,13.0
Belgrade,2008,Serbia,Denmark,16.0
Belgrade,2008,Serbia,Croatia,9.0
Belgrade,2008,Serbia,United Kingdom,2.0
Belgrade,2008,Serbia,Spain,22.0
Belgrade,2008,Serbia,Serbia,23.0
Belgrade,2008,Serbia,Germany,4.0
Belgrade,2008,Serbia,France,19.0
Belgrade,2008,Serbia,Russia,24.0
Belgrade,2008,Serbia,Azerbaijan,20.0
Belgrade,2008,Serbia,Armenia,5.0
Belgrade,2008,Serbia,Norway,25.0
Belgrade,2008,Serbia,Romania,1.0
Belgrade,2008,Serbia,Bosnia & Herzegovina,6.0
Belgrade,2008,Serbia,Poland,10.0
Belgrade,2008,Serbia,Israel,7.0
Belgrade,2008,Serbia,Greece,21.0
Belgrade,2008,Serbia,Finland,8.0
Helsinki,2007,Finland,Austria,27.0
Helsinki,2007,Finland,Belgium,24.0
Helsinki,2007,Finland,Estonia,23.0
Helsinki,2007,Finland,Andorra,21.0
Helsinki,2007,Finland,Malta,20.0
Helsinki,2007,Finland,Norway,19.0
Helsinki,2007,Finland,Portugal,17.0
Helsinki,2007,Finland,Czech Republic,16.0
Helsinki,2007,Finland,Poland,14.0
Helsinki,2007,Finland,Croatia,13.0
Helsinki,2007,Finland,Denmark,12.0
Helsinki,2007,Finland,Albania,11.0
Helsinki,2007,Finland,Netherlands,10.0
Helsinki,2007,Finland,Switzerland,8.0
Helsinki,2007,Finland,Montenegro,7.0
Helsinki,2007,Finland,Iceland,5.0
Helsinki,2007,Finland,Cyprus,3.0
Helsinki,2007,Finland,Israel,2.0
Helsinki,2007,Finland,Latvia,28.0
Helsinki,2007,Finland,Turkey,26.0
Helsinki,2007,Finland,Slovenia,25.0
Helsinki,2007,Finland,Hungary,22.0
Helsinki,2007,Finland,North Macedonia,18.0
Helsinki,2007,Finland,Serbia,15.0
Helsinki,2007,Finland,Moldova,9.0
Helsinki,2007,Finland,Georgia,6.0
Helsinki,2007,Finland,Belarus,4.0
Helsinki,2007,Finland,Bulgaria,1.0
Helsinki,2007,Finland,Armenia,23.0
Helsinki,2007,Finland,Romania,20.0
Helsinki,2007,Finland,United Kingdom,19.0
Helsinki,2007,Finland,Ukraine,18.0
Helsinki,2007,Finland,Germany,16.0
Helsinki,2007,Finland,Russia,15.0
Helsinki,2007,Finland,Bosnia & Herzegovina,1.0
Helsinki,2007,Finland,Spain,2.0
Helsinki,2007,Finland,Ireland,4.0
Helsinki,2007,Finland,Finland,5.0
Helsinki,2007,Finland,Lithuania,9.0
Helsinki,2007,Finland,Greece,10.0
Helsinki,2007,Finland,Sweden,12.0
Helsinki,2007,Finland,France,13.0
Helsinki,2007,Finland,Latvia,14.0
Helsinki,2007,Finland,Turkey,22.0
Helsinki,2007,Finland,Slovenia,7.0
Helsinki,2007,Finland,Hungary,8.0
Helsinki,2007,Finland,North Macedonia,6.0
Helsinki,2007,Finland,Serbia,17.0
Helsinki,2007,Finland,Moldova,24.0
Helsinki,2007,Finland,Georgia,11.0
Helsinki,2007,Finland,Belarus,3.0
Helsinki,2007,Finland,Bulgaria,21.0
Athens,2006,Greece,Serbia & Montenegro,24.0
Athens,2006,Greece,Iceland,23.0
Athens,2006,Greece,Bulgaria,2.0
Athens,2006,Greece,Slovenia,3.0
Athens,2006,Greece,Andorra,4.0
Athens,2006,Greece,Belarus,5.0
Athens,2006,Greece,Albania,6.0
Athens,2006,Greece,Belgium,7.0
Athens,2006,Greece,Cyprus,9.0
Athens,2006,Greece,Monaco,10.0
Athens,2006,Greece,Poland,12.0
Athens,2006,Greece,Netherlands,17.0
Athens,2006,Greece,Portugal,19.0
Athens,2006,Greece,Estonia,21.0
Athens,2006,Greece,Armenia,1.0
Athens,2006,Greece,Ireland,8.0
Athens,2006,Greece,North Macedonia,11.0
Athens,2006,Greece,Russia,13.0
Athens,2006,Greece,Turkey,14.0
Athens,2006,Greece,Ukraine,15.0
Athens,2006,Greece,Finland,16.0
Athens,2006,Greece,Lithuania,18.0
Athens,2006,Greece,Sweden,20.0
Athens,2006,Greece,Bosnia & Herzegovina,22.0
Athens,2006,Greece,Croatia,20.0
Athens,2006,Greece,France,19.0
Athens,2006,Greece,Greece,16.0
Athens,2006,Greece,United Kingdom,15.0
Athens,2006,Greece,Romania,12.0
Athens,2006,Greece,Switzerland,1.0
Athens,2006,Greece,Moldova,2.0
Athens,2006,Greece,Israel,3.0
Athens,2006,Greece,Latvia,4.0
Athens,2006,Greece,Norway,5.0
Athens,2006,Greece,Spain,6.0
Athens,2006,Greece,Malta,7.0
Athens,2006,Greece,Germany,8.0
Athens,2006,Greece,Denmark,9.0
Athens,2006,Greece,Armenia,24.0
Athens,2006,Greece,Ireland,21.0
Athens,2006,Greece,North Macedonia,11.0
Athens,2006,Greece,Russia,10.0
Athens,2006,Greece,Turkey,23.0
Athens,2006,Greece,Ukraine,18.0
Athens,2006,Greece,Finland,17.0
Athens,2006,Greece,Lithuania,14.0
Athens,2006,Greece,Sweden,22.0
Athens,2006,Greece,Bosnia & Herzegovina,13.0
Kyiv,2005,Ukraine,Austria,1.0
Kyiv,2005,Ukraine,Poland,25.0
Kyiv,2005,Ukraine,Slovenia,23.0
Kyiv,2005,Ukraine,Ireland,22.0
Kyiv,2005,Ukraine,Bulgaria,21.0
Kyiv,2005,Ukraine,Andorra,18.0
Kyiv,2005,Ukraine,Finland,16.0
Kyiv,2005,Ukraine,Estonia,12.0
Kyiv,2005,Ukraine,Belgium,11.0
Kyiv,2005,Ukraine,Iceland,10.0
Kyiv,2005,Ukraine,Netherlands,9.0
Kyiv,2005,Ukraine,Belarus,8.0
Kyiv,2005,Ukraine,Monaco,6.0
Kyiv,2005,Ukraine,Portugal,3.0
Kyiv,2005,Ukraine,Lithuania,2.0
Kyiv,2005,Ukraine,Israel,7.0
Kyiv,2005,Ukraine,Latvia,5.0
Kyiv,2005,Ukraine,Moldova,4.0
Kyiv,2005,Ukraine,Denmark,24.0
Kyiv,2005,Ukraine,Croatia,20.0
Kyiv,2005,Ukraine,Switzerland,19.0
Kyiv,2005,Ukraine,North Macedonia,17.0
Kyiv,2005,Ukraine,Hungary,15.0
Kyiv,2005,Ukraine,Romania,14.0
Kyiv,2005,Ukraine,Norway,13.0
Kyiv,2005,Ukraine,France,24.0
Kyiv,2005,Ukraine,Bosnia & Herzegovina,21.0
Kyiv,2005,Ukraine,Russia,20.0
Kyiv,2005,Ukraine,Greece,19.0
Kyiv,2005,Ukraine,Germany,17.0
Kyiv,2005,Ukraine,Ukraine,16.0
Kyiv,2005,Ukraine,Sweden,14.0
Kyiv,2005,Ukraine,Serbia & Montenegro,12.0
Kyiv,2005,Ukraine,Spain,10.0
Kyiv,2005,Ukraine,Cyprus,9.0
Kyiv,2005,Ukraine,Albania,8.0
Kyiv,2005,Ukraine,Turkey,6.0
Kyiv,2005,Ukraine,Malta,3.0
Kyiv,2005,Ukraine,United Kingdom,2.0
Kyiv,2005,Ukraine,Denmark,13.0
Kyiv,2005,Ukraine,Croatia,18.0
Kyiv,2005,Ukraine,Switzerland,22.0
Kyiv,2005,Ukraine,North Macedonia,15.0
Kyiv,2005,Ukraine,Hungary,1.0
Kyiv,2005,Ukraine,Romania,4.0
Kyiv,2005,Ukraine,Norway,5.0
Kyiv,2005,Ukraine,Israel,11.0
Kyiv,2005,Ukraine,Latvia,23.0
Kyiv,2005,Ukraine,Moldova,7.0
Istanbul,2004,Turkey,Denmark,19.0
Istanbul,2004,Turkey,Estonia,17.0
Istanbul,2004,Turkey,Slovenia,16.0
Istanbul,2004,Turkey,Lithuania,12.0
Istanbul,2004,Turkey,Monaco,9.0
Istanbul,2004,Turkey,Portugal,7.0
Istanbul,2004,Turkey,Andorra,6.0
Istanbul,2004,Turkey,Israel,5.0
Istanbul,2004,Turkey,Latvia,4.0
Istanbul,2004,Turkey,Switzerland,3.0
Istanbul,2004,Turkey,Belarus,2.0
Istanbul,2004,Turkey,Finland,1.0
Istanbul,2004,Turkey,Serbia & Montenegro,20.0
Istanbul,2004,Turkey,Malta,8.0
Istanbul,2004,Turkey,Netherlands,22.0
Istanbul,2004,Turkey,Albania,13.0
Istanbul,2004,Turkey,Ukraine,11.0
Istanbul,2004,Turkey,Greece,10.0
Istanbul,2004,Turkey,North Macedonia,15.0
Istanbul,2004,Turkey,Bosnia & Herzegovina,21.0
Istanbul,2004,Turkey,Croatia,18.0
Istanbul,2004,Turkey,Cyprus,14.0
Istanbul,2004,Turkey,Spain,1.0
Istanbul,2004,Turkey,Austria,2.0
Istanbul,2004,Turkey,Norway,3.0
Istanbul,2004,Turkey,France,4.0
Istanbul,2004,Turkey,Serbia & Montenegro,5.0
Istanbul,2004,Turkey,Malta,6.0
Istanbul,2004,Turkey,Netherlands,7.0
Istanbul,2004,Turkey,Germany,8.0
Istanbul,2004,Turkey,Albania,9.0
Istanbul,2004,Turkey,Ukraine,10.0
Istanbul,2004,Turkey,Sweden,24.0
Istanbul,2004,Turkey,Greece,16.0
Istanbul,2004,Turkey,Iceland,17.0
Istanbul,2004,Turkey,Ireland,18.0
Istanbul,2004,Turkey,North Macedonia,15.0
Istanbul,2004,Turkey,Russia,14.0
Istanbul,2004,Turkey,Belgium,13.0
Istanbul,2004,Turkey,Bosnia & Herzegovina,12.0
Istanbul,2004,Turkey,Croatia,11.0
Istanbul,2004,Turkey,Romania,23.0
Istanbul,2004,Turkey,Turkey,22.0
Istanbul,2004,Turkey,Cyprus,21.0
Istanbul,2004,Turkey,United Kingdom,20.0
Istanbul,2004,Turkey,Poland,19.0
Riga,2003,Latvia,Slovenia,26.0
Riga,2003,Latvia,Sweden,25.0
Riga,2003,Latvia,Romania,24.0
Riga,2003,Latvia,Estonia,23.0
Riga,2003,Latvia,Belgium,22.0
Riga,2003,Latvia,Latvia,21.0
Riga,2003,Latvia,Poland,20.0
Riga,2003,Latvia,France,19.0
Riga,2003,Latvia,Norway,18.0
Riga,2003,Latvia,Greece,17.0
Riga,2003,Latvia,Ukraine,16.0
Riga,2003,Latvia,United Kingdom,15.0
Riga,2003,Latvia,Netherlands,14.0
Riga,2003,Latvia,Israel,13.0
Riga,2003,Latvia,Spain,12.0
Riga,2003,Latvia,Russia,11.0
Riga,2003,Latvia,Germany,10.0
Riga,2003,Latvia,Cyprus,9.0
Riga,2003,Latvia,Croatia,8.0
Riga,2003,Latvia,Portugal,7.0
Riga,2003,Latvia,Bosnia & Herzegovina,6.0
Riga,2003,Latvia,Malta,5.0
Riga,2003,Latvia,Turkey,4.0
Riga,2003,Latvia,Ireland,3.0
Riga,2003,Latvia,Austria,2.0
Riga,2003,Latvia,Iceland,1.0
Tallinn,2002,Estonia,Cyprus,1.0
Tallinn,2002,Estonia,United Kingdom,2.0
Tallinn,2002,Estonia,Austria,3.0
Tallinn,2002,Estonia,Greece,4.0
Tallinn,2002,Estonia,Spain,5.0
Tallinn,2002,Estonia,Croatia,6.0
Tallinn,2002,Estonia,Russia,7.0
Tallinn,2002,Estonia,Estonia,8.0
Tallinn,2002,Estonia,North Macedonia,9.0
Tallinn,2002,Estonia,Israel,10.0
Tallinn,2002,Estonia,Switzerland,11.0
Tallinn,2002,Estonia,Sweden,12.0
Tallinn,2002,Estonia,Finland,13.0
Tallinn,2002,Estonia,Denmark,14.0
Tallinn,2002,Estonia,Bosnia & Herzegovina,15.0
Tallinn,2002,Estonia,Belgium,16.0
Tallinn,2002,Estonia,France,17.0
Tallinn,2002,Estonia,Germany,18.0
Tallinn,2002,Estonia,Turkey,19.0
Tallinn,2002,Estonia,Malta,20.0
Tallinn,2002,Estonia,Romania,21.0
Tallinn,2002,Estonia,Slovenia,22.0
Tallinn,2002,Estonia,Latvia,23.0
Tallinn,2002,Estonia,Lithuania,24.0
Copenhagen,2001,Denmark,Denmark,23.0
Copenhagen,2001,Denmark,Greece,22.0
Copenhagen,2001,Denmark,Malta,21.0
Copenhagen,2001,Denmark,Estonia,20.0
Copenhagen,2001,Denmark,Germany,19.0
Copenhagen,2001,Denmark,Poland,18.0
Copenhagen,2001,Denmark,Slovenia,17.0
Copenhagen,2001,Denmark,United Kingdom,16.0
Copenhagen,2001,Denmark,Turkey,15.0
Copenhagen,2001,Denmark,France,14.0
Copenhagen,2001,Denmark,Spain,13.0
Copenhagen,2001,Denmark,Ireland,12.0
Copenhagen,2001,Denmark,Portugal,11.0
Copenhagen,2001,Denmark,Croatia,10.0
Copenhagen,2001,Denmark,Latvia,9.0
Copenhagen,2001,Denmark,Lithuania,8.0
Copenhagen,2001,Denmark,Sweden,7.0
Copenhagen,2001,Denmark,Russia,6.0
Copenhagen,2001,Denmark,Israel,5.0
Copenhagen,2001,Denmark,Norway,4.0
Copenhagen,2001,Denmark,Bosnia & Herzegovina,3.0
Copenhagen,2001,Denmark,Iceland,2.0
Copenhagen,2001,Denmark,Netherlands,1.0
Stockholm,2000,Sweden,Austria,24.0
Stockholm,2000,Sweden,Ireland,23.0
Stockholm,2000,Sweden,Turkey,22.0
Stockholm,2000,Sweden,Latvia,21.0
Stockholm,2000,Sweden,Finland,20.0
Stockholm,2000,Sweden,North Macedonia,19.0
Stockholm,2000,Sweden,Sweden,18.0
Stockholm,2000,Sweden,Croatia,17.0
Stockholm,2000,Sweden,Switzerland,16.0
Stockholm,2000,Sweden,Germany,15.0
Stockholm,2000,Sweden,Denmark,14.0
Stockholm,2000,Sweden,Spain,13.0
Stockholm,2000,Sweden,Iceland,12.0
Stockholm,2000,Sweden,Cyprus,11.0
Stockholm,2000,Sweden,Belgium,10.0
Stockholm,2000,Sweden,Russia,9.0
Stockholm,2000,Sweden,Norway,8.0
Stockholm,2000,Sweden,Malta,7.0
Stockholm,2000,Sweden,Romania,6.0
Stockholm,2000,Sweden,France,5.0
Stockholm,2000,Sweden,Estonia,4.0
Stockholm,2000,Sweden,United Kingdom,3.0
Stockholm,2000,Sweden,Netherlands,2.0
Stockholm,2000,Sweden,Israel,1.0
Jerusalem,1999,Israel,Lithuania,1.0
Jerusalem,1999,Israel,Belgium,2.0
Jerusalem,1999,Israel,Spain,3.0
Jerusalem,1999,Israel,Croatia,4.0
Jerusalem,1999,Israel,United Kingdom,5.0
Jerusalem,1999,Israel,Slovenia,6.0
Jerusalem,1999,Israel,Turkey,7.0
Jerusalem,1999,Israel,Norway,8.0
Jerusalem,1999,Israel,Denmark,9.0
Jerusalem,1999,Israel,France,10.0
Jerusalem,1999,Israel,Netherlands,11.0
Jerusalem,1999,Israel,Poland,12.0
Jerusalem,1999,Israel,Iceland,13.0
Jerusalem,1999,Israel,Cyprus,14.0
Jerusalem,1999,Israel,Sweden,15.0
Jerusalem,1999,Israel,Portugal,16.0
Jerusalem,1999,Israel,Ireland,17.0
Jerusalem,1999,Israel,Austria,18.0
Jerusalem,1999,Israel,Israel,19.0
Jerusalem,1999,Israel,Malta,20.0
Jerusalem,1999,Israel,Germany,21.0
Jerusalem,1999,Israel,Bosnia & Herzegovina,22.0
Jerusalem,1999,Israel,Estonia,23.0
Birmingham,1998,United Kingdom,North Macedonia,25.0
Birmingham,1998,United Kingdom,Turkey,24.0
Birmingham,1998,United Kingdom,Estonia,23.0
Birmingham,1998,United Kingdom,Norway,22.0
Birmingham,1998,United Kingdom,Finland,21.0
Birmingham,1998,United Kingdom,Belgium,20.0
Birmingham,1998,United Kingdom,Sweden,19.0
Birmingham,1998,United Kingdom,Netherlands,18.0
Birmingham,1998,United Kingdom,Cyprus,17.0
Birmingham,1998,United Kingdom,United Kingdom,16.0
Birmingham,1998,United Kingdom,Romania,15.0
Birmingham,1998,United Kingdom,Portugal,14.0
Birmingham,1998,United Kingdom,Ireland,13.0
Birmingham,1998,United Kingdom,Slovenia,12.0
Birmingham,1998,United Kingdom,Hungary,11.0
Birmingham,1998,United Kingdom,Malta,10.0
Birmingham,1998,United Kingdom,Germany,9.0
Birmingham,1998,United Kingdom,Israel,8.0
Birmingham,1998,United Kingdom,Poland,7.0
Birmingham,1998,United Kingdom,Slovakia,6.0
Birmingham,1998,United Kingdom,Switzerland,5.0
Birmingham,1998,United Kingdom,Spain,4.0
Birmingham,1998,United Kingdom,France,3.0
Birmingham,1998,United Kingdom,Greece,2.0
Birmingham,1998,United Kingdom,Croatia,1.0
Dublin,1997,Ireland,Iceland,25.0
Dublin,1997,Ireland,United Kingdom,24.0
Dublin,1997,Ireland,Croatia,23.0
Dublin,1997,Ireland,France,22.0
Dublin,1997,Ireland,Denmark,21.0
Dublin,1997,Ireland,Russia,20.0
Dublin,1997,Ireland,Hungary,19.0
Dublin,1997,Ireland,Malta,18.0
Dublin,1997,Ireland,Greece,17.0
Dublin,1997,Ireland,Sweden,16.0
Dublin,1997,Ireland,Portugal,15.0
Dublin,1997,Ireland,Bosnia & Herzegovina,14.0
Dublin,1997,Ireland,Estonia,13.0
Dublin,1997,Ireland,Poland,12.0
Dublin,1997,Ireland,Germany,11.0
Dublin,1997,Ireland,Spain,10.0
Dublin,1997,Ireland,Italy,9.0
Dublin,1997,Ireland,Netherlands,8.0
Dublin,1997,Ireland,Switzerland,7.0
Dublin,1997,Ireland,Slovenia,6.0
Dublin,1997,Ireland,Ireland,5.0
Dublin,1997,Ireland,Austria,4.0
Dublin,1997,Ireland,Norway,3.0
Dublin,1997,Ireland,Turkey,2.0
Dublin,1997,Ireland,Cyprus,1.0
Oslo,1996,Norway,Sweden,23.0
Oslo,1996,Norway,Slovakia,22.0
Oslo,1996,Norway,Bosnia & Herzegovina,21.0
Oslo,1996,Norway,Poland,20.0
Oslo,1996,Norway,Iceland,19.0
Oslo,1996,Norway,Finland,18.0
Oslo,1996,Norway,Ireland,17.0
Oslo,1996,Norway,Belgium,16.0
Oslo,1996,Norway,Netherlands,15.0
Oslo,1996,Norway,Slovenia,14.0
Oslo,1996,Norway,France,13.0
Oslo,1996,Norway,Norway,12.0
Oslo,1996,Norway,Estonia,11.0
Oslo,1996,Norway,Greece,10.0
Oslo,1996,Norway,Switzerland,9.0
Oslo,1996,Norway,Austria,8.0
Oslo,1996,Norway,Croatia,7.0
Oslo,1996,Norway,Malta,6.0
Oslo,1996,Norway,Cyprus,5.0
Oslo,1996,Norway,Portugal,4.0
Oslo,1996,Norway,Spain,3.0
Oslo,1996,Norway,United Kingdom,2.0
Oslo,1996,Norway,Turkey,1.0
Dublin,1995,Ireland,Greece,23.0
Dublin,1995,Ireland,Malta,22.0
Dublin,1995,Ireland,Israel,21.0
Dublin,1995,Ireland,Slovenia,20.0
Dublin,1995,Ireland,Denmark,19.0
Dublin,1995,Ireland,Sweden,18.0
Dublin,1995,Ireland,Cyprus,17.0
Dublin,1995,Ireland,Portugal,16.0
Dublin,1995,Ireland,United Kingdom,15.0
Dublin,1995,Ireland,Belgium,14.0
Dublin,1995,Ireland,Hungary,13.0
Dublin,1995,Ireland,France,12.0
Dublin,1995,Ireland,Croatia,11.0
Dublin,1995,Ireland,Turkey,10.0
Dublin,1995,Ireland,Spain,9.0
Dublin,1995,Ireland,Austria,8.0
Dublin,1995,Ireland,Iceland,7.0
Dublin,1995,Ireland,Russia,6.0
Dublin,1995,Ireland,Norway,5.0
Dublin,1995,Ireland,Bosnia & Herzegovina,4.0
Dublin,1995,Ireland,Germany,3.0
Dublin,1995,Ireland,Ireland,2.0
Dublin,1995,Ireland,Poland,1.0
Dublin,1994,Ireland,France,25.0
Dublin,1994,Ireland,Poland,24.0
Dublin,1994,Ireland,Russia,23.0
Dublin,1994,Ireland,Hungary,22.0
Dublin,1994,Ireland,Spain,21.0
Dublin,1994,Ireland,Austria,20.0
Dublin,1994,Ireland,Greece,19.0
Dublin,1994,Ireland,Bosnia & Herzegovina,18.0
Dublin,1994,Ireland,Norway,17.0
Dublin,1994,Ireland,Lithuania,16.0
Dublin,1994,Ireland,Slovakia,15.0
Dublin,1994,Ireland,Germany,14.0
Dublin,1994,Ireland,Netherlands,13.0
Dublin,1994,Ireland,Malta,12.0
Dublin,1994,Ireland,Romania,11.0
Dublin,1994,Ireland,Estonia,10.0
Dublin,1994,Ireland,Switzerland,9.0
Dublin,1994,Ireland,Portugal,8.0
Dublin,1994,Ireland,Croatia,7.0
Dublin,1994,Ireland,United Kingdom,6.0
Dublin,1994,Ireland,Iceland,5.0
Dublin,1994,Ireland,Cyprus,4.0
Dublin,1994,Ireland,Ireland,3.0
Dublin,1994,Ireland,Finland,2.0
Dublin,1994,Ireland,Sweden,1.0
Millstreet,1993,Ireland,Norway,25.0
Millstreet,1993,Ireland,Israel,24.0
Millstreet,1993,Ireland,Cyprus,23.0
Millstreet,1993,Ireland,Spain,22.0
Millstreet,1993,Ireland,Croatia,21.0
Millstreet,1993,Ireland,Netherlands,20.0
Millstreet,1993,Ireland,United Kingdom,19.0
Millstreet,1993,Ireland,Bosnia & Herzegovina,18.0
Millstreet,1993,Ireland,Finland,17.0
Millstreet,1993,Ireland,Slovenia,16.0
Millstreet,1993,Ireland,Luxembourg,15.0
Millstreet,1993,Ireland,Ireland,14.0
Millstreet,1993,Ireland,Sweden,13.0
Millstreet,1993,Ireland,France,12.0
Millstreet,1993,Ireland,Portugal,11.0
Millstreet,1993,Ireland,Austria,10.0
Millstreet,1993,Ireland,Iceland,9.0
Millstreet,1993,Ireland,Malta,8.0
Millstreet,1993,Ireland,Italy,1.0
Millstreet,1993,Ireland,Turkey,2.0
Millstreet,1993,Ireland,Germany,3.0
Millstreet,1993,Ireland,Switzerland,4.0
Millstreet,1993,Ireland,Denmark,5.0
Millstreet,1993,Ireland,Greece,6.0
Millstreet,1993,Ireland,Belgium,7.0
Malmö,1992,Sweden,Netherlands,23.0
Malmö,1992,Sweden,Spain,1.0
Malmö,1992,Sweden,Belgium,2.0
Malmö,1992,Sweden,Israel,3.0
Malmö,1992,Sweden,Turkey,4.0
Malmö,1992,Sweden,Greece,5.0
Malmö,1992,Sweden,France,6.0
Malmö,1992,Sweden,Sweden,7.0
Malmö,1992,Sweden,Portugal,8.0
Malmö,1992,Sweden,Cyprus,9.0
Malmö,1992,Sweden,Malta,10.0
Malmö,1992,Sweden,Iceland,11.0
Malmö,1992,Sweden,Finland,12.0
Malmö,1992,Sweden,Switzerland,13.0
Malmö,1992,Sweden,Luxembourg,14.0
Malmö,1992,Sweden,Austria,15.0
Malmö,1992,Sweden,United Kingdom,16.0
Malmö,1992,Sweden,Ireland,17.0
Malmö,1992,Sweden,Denmark,18.0
Malmö,1992,Sweden,Italy,19.0
Malmö,1992,Sweden,Yugoslavia,20.0
Malmö,1992,Sweden,Norway,21.0
Malmö,1992,Sweden,Germany,22.0
Rome,1991,Italy,Italy,22.0
Rome,1991,Italy,Cyprus,21.0
Rome,1991,Italy,United Kingdom,20.0
Rome,1991,Italy,Spain,19.0
Rome,1991,Italy,Belgium,18.0
Rome,1991,Italy,Germany,17.0
Rome,1991,Italy,Finland,16.0
Rome,1991,Italy,Israel,15.0
Rome,1991,Italy,Norway,14.0
Rome,1991,Italy,Denmark,13.0
Rome,1991,Italy,Portugal,12.0
Rome,1991,Italy,Ireland,11.0
Rome,1991,Italy,Turkey,10.0
Rome,1991,Italy,France,9.0
Rome,1991,Italy,Sweden,8.0
Rome,1991,Italy,Luxembourg,7.0
Rome,1991,Italy,Austria,6.0
Rome,1991,Italy,Switzerland,5.0
Rome,1991,Italy,Greece,4.0
Rome,1991,Italy,Malta,3.0
Rome,1991,Italy,Iceland,2.0
Rome,1991,Italy,Yugoslavia,1.0
Zagreb,1990,Yugoslavia,Finland,22.0
Zagreb,1990,Yugoslavia,Cyprus,21.0
Zagreb,1990,Yugoslavia,Austria,20.0
Zagreb,1990,Yugoslavia,Italy,19.0
Zagreb,1990,Yugoslavia,Sweden,18.0
Zagreb,1990,Yugoslavia,Ireland,17.0
Zagreb,1990,Yugoslavia,Portugal,16.0
Zagreb,1990,Yugoslavia,Yugoslavia,15.0
Zagreb,1990,Yugoslavia,France,14.0
Zagreb,1990,Yugoslavia,Germany,13.0
Zagreb,1990,Yugoslavia,Switzerland,12.0
Zagreb,1990,Yugoslavia,Denmark,11.0
Zagreb,1990,Yugoslavia,Israel,10.0
Zagreb,1990,Yugoslavia,Norway,9.0
Zagreb,1990,Yugoslavia,Iceland,8.0
Zagreb,1990,Yugoslavia,United Kingdom,7.0
Zagreb,1990,Yugoslavia,Luxembourg,6.0
Zagreb,1990,Yugoslavia,Netherlands,5.0
Zagreb,1990,Yugoslavia,Turkey,4.0
Zagreb,1990,Yugoslavia,Belgium,3.0
Zagreb,1990,Yugoslavia,Greece,2.0
Zagreb,1990,Yugoslavia,Spain,1.0
Lausanne,1989,Switzerland,Yugoslavia,22.0
Lausanne,1989,Switzerland,Germany,21.0
Lausanne,1989,Switzerland,Iceland,20.0
Lausanne,1989,Switzerland,Greece,19.0
Lausanne,1989,Switzerland,Switzerland,18.0
Lausanne,1989,Switzerland,Cyprus,17.0
Lausanne,1989,Switzerland,Spain,16.0
Lausanne,1989,Switzerland,France,15.0
Lausanne,1989,Switzerland,Finland,14.0
Lausanne,1989,Switzerland,Austria,13.0
Lausanne,1989,Switzerland,Denmark,12.0
Lausanne,1989,Switzerland,Luxembourg,11.0
Lausanne,1989,Switzerland,Sweden,10.0
Lausanne,1989,Switzerland,Portugal,9.0
Lausanne,1989,Switzerland,Norway,8.0
Lausanne,1989,Switzerland,United Kingdom,7.0
Lausanne,1989,Switzerland,Belgium,6.0
Lausanne,1989,Switzerland,Turkey,5.0
Lausanne,1989,Switzerland,Netherlands,4.0
Lausanne,1989,Switzerland,Ireland,3.0
Lausanne,1989,Switzerland,Israel,2.0
Lausanne,1989,Switzerland,Italy,1.0
Dublin,1988,Ireland,Yugoslavia,21.0
Dublin,1988,Ireland,Portugal,20.0
Dublin,1988,Ireland,France,19.0
Dublin,1988,Ireland,Italy,18.0
Dublin,1988,Ireland,Luxembourg,17.0
Dublin,1988,Ireland,Belgium,16.0
Dublin,1988,Ireland,Norway,15.0
Dublin,1988,Ireland,Greece,14.0
Dublin,1988,Ireland,Denmark,13.0
Dublin,1988,Ireland,Austria,12.0
Dublin,1988,Ireland,Germany,11.0
Dublin,1988,Ireland,Ireland,10.0
Dublin,1988,Ireland,Switzerland,9.0
Dublin,1988,Ireland,Israel,8.0
Dublin,1988,Ireland,Netherlands,7.0
Dublin,1988,Ireland,Spain,6.0
Dublin,1988,Ireland,Turkey,5.0
Dublin,1988,Ireland,United Kingdom,4.0
Dublin,1988,Ireland,Finland,3.0
Dublin,1988,Ireland,Sweden,2.0
Dublin,1988,Ireland,Iceland,1.0
Brussels,1987,Belgium,Switzerland,22.0
Brussels,1987,Belgium,Yugoslavia,21.0
Brussels,1987,Belgium,Ireland,20.0
Brussels,1987,Belgium,Denmark,19.0
Brussels,1987,Belgium,Finland,18.0
Brussels,1987,Belgium,Cyprus,17.0
Brussels,1987,Belgium,Germany,16.0
Brussels,1987,Belgium,France,15.0
Brussels,1987,Belgium,United Kingdom,14.0
Brussels,1987,Belgium,Luxembourg,13.0
Brussels,1987,Belgium,Netherlands,12.0
Brussels,1987,Belgium,Greece,11.0
Brussels,1987,Belgium,Turkey,10.0
Brussels,1987,Belgium,Spain,9.0
Brussels,1987,Belgium,Portugal,8.0
Brussels,1987,Belgium,Italy,7.0
Brussels,1987,Belgium,Sweden,6.0
Brussels,1987,Belgium,Belgium,5.0
Brussels,1987,Belgium,Iceland,4.0
Brussels,1987,Belgium,Austria,3.0
Brussels,1987,Belgium,Israel,2.0
Brussels,1987,Belgium,Norway,1.0
Bergen,1986,Norway,Portugal,20.0
Bergen,1986,Norway,Finland,19.0
Bergen,1986,Norway,Denmark,18.0
Bergen,1986,Norway,Sweden,17.0
Bergen,1986,Norway,Austria,16.0
Bergen,1986,Norway,Cyprus,15.0
Bergen,1986,Norway,Germany,14.0
Bergen,1986,Norway,Belgium,13.0
Bergen,1986,Norway,Ireland,12.0
Bergen,1986,Norway,Israel,11.0
Bergen,1986,Norway,Switzerland,10.0
Bergen,1986,Norway,Spain,9.0
Bergen,1986,Norway,Turkey,8.0
Bergen,1986,Norway,Netherlands,7.0
Bergen,1986,Norway,Iceland,6.0
Bergen,1986,Norway,United Kingdom,5.0
Bergen,1986,Norway,Norway,4.0
Bergen,1986,Norway,France,3.0
Bergen,1986,Norway,Yugoslavia,2.0
Bergen,1986,Norway,Luxembourg,1.0
Gothenburg,1985,Sweden,Greece,19.0
Gothenburg,1985,Sweden,Luxembourg,18.0
Gothenburg,1985,Sweden,Austria,17.0
Gothenburg,1985,Sweden,Sweden,16.0
Gothenburg,1985,Sweden,Switzerland,15.0
Gothenburg,1985,Sweden,United Kingdom,14.0
Gothenburg,1985,Sweden,Norway,13.0
Gothenburg,1985,Sweden,Italy,12.0
Gothenburg,1985,Sweden,Israel,11.0
Gothenburg,1985,Sweden,Germany,10.0
Gothenburg,1985,Sweden,Portugal,9.0
Gothenburg,1985,Sweden,Belgium,8.0
Gothenburg,1985,Sweden,Turkey,7.0
Gothenburg,1985,Sweden,France,6.0
Gothenburg,1985,Sweden,Spain,5.0
Gothenburg,1985,Sweden,Denmark,4.0
Gothenburg,1985,Sweden,Cyprus,3.0
Gothenburg,1985,Sweden,Finland,2.0
Gothenburg,1985,Sweden,Ireland,1.0
Luxembourg,1984,Luxembourg,Portugal,19.0
Luxembourg,1984,Luxembourg,Italy,18.0
Luxembourg,1984,Luxembourg,Switzerland,17.0
Luxembourg,1984,Luxembourg,Finland,16.0
Luxembourg,1984,Luxembourg,Turkey,15.0
Luxembourg,1984,Luxembourg,Germany,14.0
Luxembourg,1984,Luxembourg,Austria,13.0
Luxembourg,1984,Luxembourg,Yugoslavia,12.0
Luxembourg,1984,Luxembourg,Netherlands,11.0
Luxembourg,1984,Luxembourg,Denmark,10.0
Luxembourg,1984,Luxembourg,Ireland,9.0
Luxembourg,1984,Luxembourg,Belgium,8.0
Luxembourg,1984,Luxembourg,Cyprus,7.0
Luxembourg,1984,Luxembourg,United Kingdom,6.0
Luxembourg,1984,Luxembourg,Norway,5.0
Luxembourg,1984,Luxembourg,Spain,4.0
Luxembourg,1984,Luxembourg,France,3.0
Luxembourg,1984,Luxembourg,Luxembourg,2.0
Luxembourg,1984,Luxembourg,Sweden,1.0
Munich,1983,Germany,Luxembourg,20.0
Munich,1983,Germany,Belgium,19.0
Munich,1983,Germany,Austria,18.0
Munich,1983,Germany,Portugal,17.0
Munich,1983,Germany,Israel,16.0
Munich,1983,Germany,Denmark,15.0
Munich,1983,Germany,Germany,14.0
Munich,1983,Germany,Cyprus,13.0
Munich,1983,Germany,Yugoslavia,12.0
Munich,1983,Germany,Netherlands,11.0
Munich,1983,Germany,Greece,10.0
Munich,1983,Germany,Finland,9.0
Munich,1983,Germany,Switzerland,8.0
Munich,1983,Germany,Spain,7.0
Munich,1983,Germany,Turkey,6.0
Munich,1983,Germany,Italy,5.0
Munich,1983,Germany,Sweden,4.0
Munich,1983,Germany,United Kingdom,3.0
Munich,1983,Germany,Norway,2.0
Munich,1983,Germany,France,1.0
Harrogate,1982,United Kingdom,Germany,18.0
Harrogate,1982,United Kingdom,Portugal,1.0
Harrogate,1982,United Kingdom,Luxembourg,2.0
Harrogate,1982,United Kingdom,Norway,3.0
Harrogate,1982,United Kingdom,United Kingdom,4.0
Harrogate,1982,United Kingdom,Turkey,5.0
Harrogate,1982,United Kingdom,Finland,6.0
Harrogate,1982,United Kingdom,Switzerland,7.0
Harrogate,1982,United Kingdom,Cyprus,8.0
Harrogate,1982,United Kingdom,Sweden,9.0
Harrogate,1982,United Kingdom,Austria,10.0
Harrogate,1982,United Kingdom,Belgium,11.0
Harrogate,1982,United Kingdom,Spain,12.0
Harrogate,1982,United Kingdom,Denmark,13.0
Harrogate,1982,United Kingdom,Yugoslavia,14.0
Harrogate,1982,United Kingdom,Israel,15.0
Harrogate,1982,United Kingdom,Netherlands,16.0
Harrogate,1982,United Kingdom,Ireland,17.0
Dublin,1981,Ireland,Sweden,20.0
Dublin,1981,Ireland,Switzerland,19.0
Dublin,1981,Ireland,Cyprus,18.0
Dublin,1981,Ireland,Greece,17.0
Dublin,1981,Ireland,Belgium,16.0
Dublin,1981,Ireland,Portugal,15.0
Dublin,1981,Ireland,United Kingdom,14.0
Dublin,1981,Ireland,Norway,13.0
Dublin,1981,Ireland,Ireland,12.0
Dublin,1981,Ireland,Netherlands,11.0
Dublin,1981,Ireland,Spain,10.0
Dublin,1981,Ireland,France,9.0
Dublin,1981,Ireland,Finland,8.0
Dublin,1981,Ireland,Yugoslavia,7.0
Dublin,1981,Ireland,Denmark,6.0
Dublin,1981,Ireland,Israel,5.0
Dublin,1981,Ireland,Luxembourg,4.0
Dublin,1981,Ireland,Germany,3.0
Dublin,1981,Ireland,Turkey,2.0
Dublin,1981,Ireland,Austria,1.0
The Hague,1980,Netherlands,Belgium,19.0
The Hague,1980,Netherlands,Spain,18.0
The Hague,1980,Netherlands,Ireland,17.0
The Hague,1980,Netherlands,France,16.0
The Hague,1980,Netherlands,Netherlands,15.0
The Hague,1980,Netherlands,Portugal,14.0
The Hague,1980,Netherlands,United Kingdom,13.0
The Hague,1980,Netherlands,Germany,12.0
The Hague,1980,Netherlands,Norway,11.0
The Hague,1980,Netherlands,Finland,10.0
The Hague,1980,Netherlands,Switzerland,9.0
The Hague,1980,Netherlands,Sweden,8.0
The Hague,1980,Netherlands,Denmark,7.0
The Hague,1980,Netherlands,Italy,6.0
The Hague,1980,Netherlands,Morocco,5.0
The Hague,1980,Netherlands,Luxembourg,4.0
The Hague,1980,Netherlands,Greece,3.0
The Hague,1980,Netherlands,Turkey,2.0
The Hague,1980,Netherlands,Austria,1.0
Jerusalem,1979,Israel,Spain,19.0
Jerusalem,1979,Israel,Austria,18.0
Jerusalem,1979,Israel,United Kingdom,17.0
Jerusalem,1979,Israel,Norway,16.0
Jerusalem,1979,Israel,Sweden,15.0
Jerusalem,1979,Israel,Netherlands,14.0
Jerusalem,1979,Israel,Luxembourg,13.0
Jerusalem,1979,Israel,Belgium,12.0
Jerusalem,1979,Israel,France,11.0
Jerusalem,1979,Israel,Israel,10.0
Jerusalem,1979,Israel,Germany,9.0
Jerusalem,1979,Israel,Switzerland,8.0
Jerusalem,1979,Israel,Greece,7.0
Jerusalem,1979,Israel,Monaco,6.0
Jerusalem,1979,Israel,Finland,5.0
Jerusalem,1979,Israel,Ireland,4.0
Jerusalem,1979,Israel,Denmark,3.0
Jerusalem,1979,Israel,Italy,2.0
Jerusalem,1979,Israel,Portugal,1.0
Paris,1978,France,Sweden,20.0
Paris,1978,France,Austria,19.0
Paris,1978,France,Israel,18.0
Paris,1978,France,Luxembourg,17.0
Paris,1978,France,Denmark,16.0
Paris,1978,France,Greece,15.0
Paris,1978,France,Monaco,14.0
Paris,1978,France,Germany,13.0
Paris,1978,France,Turkey,12.0
Paris,1978,France,Netherlands,11.0
Paris,1978,France,Belgium,10.0
Paris,1978,France,Switzerland,9.0
Paris,1978,France,United Kingdom,8.0
Paris,1978,France,Spain,7.0
Paris,1978,France,France,6.0
Paris,1978,France,Portugal,5.0
Paris,1978,France,Finland,4.0
Paris,1978,France,Italy,3.0
Paris,1978,France,Norway,2.0
Paris,1978,France,Ireland,1.0
London,1977,United Kingdom,France,18.0
London,1977,United Kingdom,Belgium,17.0
London,1977,United Kingdom,Finland,16.0
London,1977,United Kingdom,Italy,15.0
London,1977,United Kingdom,Spain,14.0
London,1977,United Kingdom,Sweden,13.0
London,1977,United Kingdom,Switzerland,12.0
London,1977,United Kingdom,Israel,11.0
London,1977,United Kingdom,Greece,10.0
London,1977,United Kingdom,United Kingdom,9.0
London,1977,United Kingdom,Portugal,8.0
London,1977,United Kingdom,Luxembourg,7.0
London,1977,United Kingdom,Germany,6.0
London,1977,United Kingdom,Norway,5.0
London,1977,United Kingdom,Austria,4.0
London,1977,United Kingdom,Netherlands,3.0
London,1977,United Kingdom,Monaco,2.0
London,1977,United Kingdom,Ireland,1.0
The Hague,1976,Netherlands,Yugoslavia,18.0
The Hague,1976,Netherlands,France,17.0
The Hague,1976,Netherlands,Monaco,16.0
The Hague,1976,Netherlands,Portugal,15.0
The Hague,1976,Netherlands,Austria,14.0
The Hague,1976,Netherlands,Italy,13.0
The Hague,1976,Netherlands,Spain,12.0
The Hague,1976,Netherlands,Finland,11.0
The Hague,1976,Netherlands,Greece,10.0
The Hague,1976,Netherlands,Norway,9.0
The Hague,1976,Netherlands,Netherlands,8.0
The Hague,1976,Netherlands,Ireland,7.0
The Hague,1976,Netherlands,Belgium,6.0
The Hague,1976,Netherlands,Luxembourg,5.0
The Hague,1976,Netherlands,Israel,4.0
The Hague,1976,Netherlands,Germany,3.0
The Hague,1976,Netherlands,Switzerland,2.0
The Hague,1976,Netherlands,United Kingdom,1.0
Stockholm,1975,Sweden,Italy,19.0
Stockholm,1975,Sweden,Sweden,18.0
Stockholm,1975,Sweden,Spain,17.0
Stockholm,1975,Sweden,Portugal,16.0
Stockholm,1975,Sweden,Finland,15.0
Stockholm,1975,Sweden,Monaco,14.0
Stockholm,1975,Sweden,Turkey,13.0
Stockholm,1975,Sweden,Israel,12.0
Stockholm,1975,Sweden,Belgium,11.0
Stockholm,1975,Sweden,Malta,10.0
Stockholm,1975,Sweden,United Kingdom,9.0
Stockholm,1975,Sweden,Yugoslavia,8.0
Stockholm,1975,Sweden,Switzerland,7.0
Stockholm,1975,Sweden,Norway,6.0
Stockholm,1975,Sweden,Luxembourg,5.0
Stockholm,1975,Sweden,Germany,4.0
Stockholm,1975,Sweden,France,3.0
Stockholm,1975,Sweden,Ireland,2.0
Stockholm,1975,Sweden,Netherlands,1.0
Brighton,1974,United Kingdom,Italy,17.0
Brighton,1974,United Kingdom,Portugal,16.0
Brighton,1974,United Kingdom,Switzerland,15.0
Brighton,1974,United Kingdom,Germany,14.0
Brighton,1974,United Kingdom,Ireland,13.0
Brighton,1974,United Kingdom,Netherlands,12.0
Brighton,1974,United Kingdom,Belgium,11.0
Brighton,1974,United Kingdom,Monaco,10.0
Brighton,1974,United Kingdom,Luxembourg,9.0
Brighton,1974,United Kingdom,Sweden,8.0
Brighton,1974,United Kingdom,Yugoslavia,7.0
Brighton,1974,United Kingdom,Israel,6.0
Brighton,1974,United Kingdom,Greece,5.0
Brighton,1974,United Kingdom,Norway,4.0
Brighton,1974,United Kingdom,Spain,3.0
Brighton,1974,United Kingdom,United Kingdom,2.0
Brighton,1974,United Kingdom,Finland,1.0
Luxembourg,1973,Luxembourg,Israel,17.0
Luxembourg,1973,Luxembourg,France,16.0
Luxembourg,1973,Luxembourg,United Kingdom,15.0
Luxembourg,1973,Luxembourg,Ireland,14.0
Luxembourg,1973,Luxembourg,Netherlands,13.0
Luxembourg,1973,Luxembourg,Sweden,12.0
Luxembourg,1973,Luxembourg,Luxembourg,11.0
Luxembourg,1973,Luxembourg,Italy,10.0
Luxembourg,1973,Luxembourg,Yugoslavia,9.0
Luxembourg,1973,Luxembourg,Switzerland,8.0
Luxembourg,1973,Luxembourg,Spain,7.0
Luxembourg,1973,Luxembourg,Monaco,6.0
Luxembourg,1973,Luxembourg,Norway,5.0
Luxembourg,1973,Luxembourg,Germany,4.0
Luxembourg,1973,Luxembourg,Portugal,3.0
Luxembourg,1973,Luxembourg,Belgium,2.0
Luxembourg,1973,Luxembourg,Finland,1.0
Edinburgh,1972,United Kingdom,Netherlands,18.0
Edinburgh,1972,United Kingdom,Luxembourg,17.0
Edinburgh,1972,United Kingdom,Belgium,16.0
Edinburgh,1972,United Kingdom,Monaco,15.0
Edinburgh,1972,United Kingdom,Sweden,14.0
Edinburgh,1972,United Kingdom,Yugoslavia,13.0
Edinburgh,1972,United Kingdom,Italy,12.0
Edinburgh,1972,United Kingdom,Austria,11.0
Edinburgh,1972,United Kingdom,Finland,10.0
Edinburgh,1972,United Kingdom,Malta,9.0
Edinburgh,1972,United Kingdom,Switzerland,8.0
Edinburgh,1972,United Kingdom,Portugal,7.0
Edinburgh,1972,United Kingdom,Norway,6.0
Edinburgh,1972,United Kingdom,United Kingdom,5.0
Edinburgh,1972,United Kingdom,Spain,4.0
Edinburgh,1972,United Kingdom,Ireland,3.0
Edinburgh,1972,United Kingdom,France,2.0
Edinburgh,1972,United Kingdom,Germany,1.0
Dublin,1971,Ireland,Norway,18.0
Dublin,1971,Ireland,Finland,17.0
Dublin,1971,Ireland,Yugoslavia,16.0
Dublin,1971,Ireland,Portugal,15.0
Dublin,1971,Ireland,Netherlands,14.0
Dublin,1971,Ireland,Ireland,13.0
Dublin,1971,Ireland,Sweden,12.0
Dublin,1971,Ireland,Italy,11.0
Dublin,1971,Ireland,Belgium,10.0
Dublin,1971,Ireland,United Kingdom,9.0
Dublin,1971,Ireland,Luxembourg,8.0
Dublin,1971,Ireland,France,7.0
Dublin,1971,Ireland,Spain,6.0
Dublin,1971,Ireland,Germany,5.0
Dublin,1971,Ireland,Switzerland,4.0
Dublin,1971,Ireland,Monaco,3.0
Dublin,1971,Ireland,Malta,2.0
Dublin,1971,Ireland,Austria,1.0
Amsterdam,1970,Netherlands,Ireland,12.0
Amsterdam,1970,Netherlands,Germany,11.0
Amsterdam,1970,Netherlands,Monaco,10.0
Amsterdam,1970,Netherlands,Spain,9.0
Amsterdam,1970,Netherlands,Luxembourg,8.0
Amsterdam,1970,Netherlands,United Kingdom,7.0
Amsterdam,1970,Netherlands,France,6.0
Amsterdam,1970,Netherlands,Belgium,5.0
Amsterdam,1970,Netherlands,Yugoslavia,4.0
Amsterdam,1970,Netherlands,Italy,3.0
Amsterdam,1970,Netherlands,Switzerland,2.0
Amsterdam,1970,Netherlands,Netherlands,1.0
Madrid,1969,Spain,Finland,16.0
Madrid,1969,Spain,Portugal,15.0
Madrid,1969,Spain,France,14.0
Madrid,1969,Spain,Germany,13.0
Madrid,1969,Spain,Norway,12.0
Madrid,1969,Spain,Switzerland,11.0
Madrid,1969,Spain,Belgium,10.0
Madrid,1969,Spain,Sweden,9.0
Madrid,1969,Spain,Netherlands,8.0
Madrid,1969,Spain,United Kingdom,7.0
Madrid,1969,Spain,Italy,6.0
Madrid,1969,Spain,Ireland,5.0
Madrid,1969,Spain,Monaco,4.0
Madrid,1969,Spain,Spain,3.0
Madrid,1969,Spain,Luxembourg,2.0
Madrid,1969,Spain,Yugoslavia,1.0
London,1968,United Kingdom,Yugoslavia,17.0
London,1968,United Kingdom,Germany,16.0
London,1968,United Kingdom,Spain,15.0
London,1968,United Kingdom,Ireland,14.0
London,1968,United Kingdom,Norway,13.0
London,1968,United Kingdom,United Kingdom,12.0
London,1968,United Kingdom,Italy,11.0
London,1968,United Kingdom,France,10.0
London,1968,United Kingdom,Finland,9.0
London,1968,United Kingdom,Sweden,8.0
London,1968,United Kingdom,Monaco,7.0
London,1968,United Kingdom,Switzerland,6.0
London,1968,United Kingdom,Luxembourg,5.0
London,1968,United Kingdom,Austria,4.0
London,1968,United Kingdom,Belgium,3.0
London,1968,United Kingdom,Netherlands,2.0
London,1968,United Kingdom,Portugal,1.0
Vienna,1967,Austria,Netherlands,1.0
Vienna,1967,Austria,Luxembourg,2.0
Vienna,1967,Austria,Austria,3.0
Vienna,1967,Austria,France,4.0
Vienna,1967,Austria,Portugal,5.0
Vienna,1967,Austria,Switzerland,6.0
Vienna,1967,Austria,Sweden,7.0
Vienna,1967,Austria,Finland,8.0
Vienna,1967,Austria,Germany,9.0
Vienna,1967,Austria,Belgium,10.0
Vienna,1967,Austria,United Kingdom,11.0
Vienna,1967,Austria,Spain,12.0
Vienna,1967,Austria,Norway,13.0
Vienna,1967,Austria,Monaco,14.0
Vienna,1967,Austria,Yugoslavia,15.0
Vienna,1967,Austria,Italy,16.0
Vienna,1967,Austria,Ireland,17.0
Luxembourg,1966,Luxembourg,United Kingdom,18.0
Luxembourg,1966,Luxembourg,Ireland,17.0
Luxembourg,1966,Luxembourg,Netherlands,16.0
Luxembourg,1966,Luxembourg,France,15.0
Luxembourg,1966,Luxembourg,Italy,14.0
Luxembourg,1966,Luxembourg,Monaco,13.0
Luxembourg,1966,Luxembourg,Switzerland,12.0
Luxembourg,1966,Luxembourg,Spain,11.0
Luxembourg,1966,Luxembourg,Sweden,10.0
Luxembourg,1966,Luxembourg,Austria,9.0
Luxembourg,1966,Luxembourg,Portugal,8.0
Luxembourg,1966,Luxembourg,Finland,7.0
Luxembourg,1966,Luxembourg,Norway,6.0
Luxembourg,1966,Luxembourg,Yugoslavia,5.0
Luxembourg,1966,Luxembourg,Luxembourg,4.0
Luxembourg,1966,Luxembourg,Belgium,3.0
Luxembourg,1966,Luxembourg,Denmark,2.0
Luxembourg,1966,Luxembourg,Germany,1.0
Naples,1965,Italy,Switzerland,18.0
Naples,1965,Italy,Yugoslavia,17.0
Naples,1965,Italy,Finland,16.0
Naples,1965,Italy,Luxembourg,15.0
Naples,1965,Italy,Denmark,14.0
Naples,1965,Italy,Italy,13.0
Naples,1965,Italy,Portugal,12.0
Naples,1965,Italy,France,11.0
Naples,1965,Italy,Sweden,10.0
Naples,1965,Italy,Monaco,9.0
Naples,1965,Italy,Belgium,8.0
Naples,1965,Italy,Norway,7.0
Naples,1965,Italy,Austria,6.0
Naples,1965,Italy,Germany,5.0
Naples,1965,Italy,Ireland,4.0
Naples,1965,Italy,Spain,3.0
Naples,1965,Italy,United Kingdom,2.0
Naples,1965,Italy,Netherlands,1.0
Copenhagen,1964,Denmark,Spain,16.0
Copenhagen,1964,Denmark,Belgium,15.0
Copenhagen,1964,Denmark,Switzerland,14.0
Copenhagen,1964,Denmark,Yugoslavia,13.0
Copenhagen,1964,Denmark,Italy,12.0
Copenhagen,1964,Denmark,Portugal,11.0
Copenhagen,1964,Denmark,Monaco,10.0
Copenhagen,1964,Denmark,Germany,9.0
Copenhagen,1964,Denmark,United Kingdom,8.0
Copenhagen,1964,Denmark,France,7.0
Copenhagen,1964,Denmark,Austria,6.0
Copenhagen,1964,Denmark,Finland,5.0
Copenhagen,1964,Denmark,Denmark,4.0
Copenhagen,1964,Denmark,Norway,3.0
Copenhagen,1964,Denmark,Netherlands,2.0
Copenhagen,1964,Denmark,Luxembourg,1.0
London,1963,United Kingdom,Luxembourg,16.0
London,1963,United Kingdom,Monaco,15.0
London,1963,United Kingdom,Belgium,14.0
London,1963,United Kingdom,Sweden,13.0
London,1963,United Kingdom,Spain,12.0
London,1963,United Kingdom,France,11.0
London,1963,United Kingdom,Switzerland,10.0
London,1963,United Kingdom,Yugoslavia,9.0
London,1963,United Kingdom,Denmark,8.0
London,1963,United Kingdom,Finland,7.0
London,1963,United Kingdom,Italy,6.0
London,1963,United Kingdom,Norway,5.0
London,1963,United Kingdom,Austria,4.0
London,1963,United Kingdom,Germany,3.0
London,1963,United Kingdom,Netherlands,2.0
London,1963,United Kingdom,United Kingdom,1.0
Luxembourg,1962,Luxembourg,Monaco,16.0
Luxembourg,1962,Luxembourg,Italy,15.0
Luxembourg,1962,Luxembourg,Luxembourg,14.0
Luxembourg,1962,Luxembourg,United Kingdom,13.0
Luxembourg,1962,Luxembourg,Yugoslavia,12.0
Luxembourg,1962,Luxembourg,Switzerland,11.0
Luxembourg,1962,Luxembourg,Norway,10.0
Luxembourg,1962,Luxembourg,France,9.0
Luxembourg,1962,Luxembourg,Netherlands,8.0
Luxembourg,1962,Luxembourg,Germany,7.0
Luxembourg,1962,Luxembourg,Sweden,6.0
Luxembourg,1962,Luxembourg,Denmark,5.0
Luxembourg,1962,Luxembourg,Austria,4.0
Luxembourg,1962,Luxembourg,Spain,3.0
Luxembourg,1962,Luxembourg,Belgium,2.0
Luxembourg,1962,Luxembourg,Finland,1.0
Cannes,1961,France,Italy,16.0
Cannes,1961,France,United Kingdom,15.0
Cannes,1961,France,Luxembourg,14.0
Cannes,1961,France,Denmark,13.0
Cannes,1961,France,Norway,12.0
Cannes,1961,France,Belgium,11.0
Cannes,1961,France,Switzerland,10.0
Cannes,1961,France,France,9.0
Cannes,1961,France,Germany,8.0
Cannes,1961,France,Sweden,7.0
Cannes,1961,France,Netherlands,6.0
Cannes,1961,France,Yugoslavia,5.0
Cannes,1961,France,Finland,4.0
Cannes,1961,France,Austria,3.0
Cannes,1961,France,Monaco,2.0
Cannes,1961,France,Spain,1.0
London,1960,United Kingdom,France,13.0
London,1960,United Kingdom,Italy,12.0
London,1960,United Kingdom,Germany,11.0
London,1960,United Kingdom,Netherlands,10.0
London,1960,United Kingdom,Switzerland,9.0
London,1960,United Kingdom,Monaco,8.0
London,1960,United Kingdom,Austria,7.0
London,1960,United Kingdom,Norway,6.0
London,1960,United Kingdom,Belgium,5.0
London,1960,United Kingdom,Denmark,4.0
London,1960,United Kingdom,Luxembourg,3.0
London,1960,United Kingdom,Sweden,2.0
London,1960,United Kingdom,United Kingdom,1.0
Cannes,1959,France,Belgium,11.0
Cannes,1959,France,United Kingdom,10.0
Cannes,1959,France,Austria,9.0
Cannes,1959,France,Switzerland,8.0
Cannes,1959,France,Sweden,7.0
Cannes,1959,France,Germany,6.0
Cannes,1959,France,Netherlands,5.0
Cannes,1959,France,Monaco,4.0
Cannes,1959,France,France,1.0
Cannes,1959,France,Denmark,2.0
Cannes,1959,France,Italy,3.0
Hilversum,1958,Netherlands,Belgium,7.0
Hilversum,1958,Netherlands,Denmark,6.0
Hilversum,1958,Netherlands,Sweden,5.0
Hilversum,1958,Netherlands,Luxembourg,4.0
Hilversum,1958,Netherlands,France,3.0
Hilversum,1958,Netherlands,Netherlands,2.0
Hilversum,1958,Netherlands,Italy,1.0
Hilversum,1958,Netherlands,Germany,8.0
Hilversum,1958,Netherlands,Austria,9.0
Hilversum,1958,Netherlands,Switzerland,10.0
Frankfurt,1957,Germany,Switzerland,10.0
Frankfurt,1957,Germany,Denmark,9.0
Frankfurt,1957,Germany,France,8.0
Frankfurt,1957,Germany,Germany,7.0
Frankfurt,1957,Germany,Netherlands,6.0
Frankfurt,1957,Germany,Austria,5.0
Frankfurt,1957,Germany,Italy,4.0
Frankfurt,1957,Germany,United Kingdom,3.0
Frankfurt,1957,Germany,Luxembourg,2.0
Frankfurt,1957,Germany,Belgium,1.0
Lugano,1956,Switzerland,Italy,14.0
Lugano,1956,Switzerland,Luxembourg,13.0
Lugano,1956,Switzerland,France,12.0
Lugano,1956,Switzerland,Germany,11.0
Lugano,1956,Switzerland,Belgium,10.0
Lugano,1956,Switzerland,Switzerland,9.0
Lugano,1956,Switzerland,Netherlands,8.0
Lugano,1956,Switzerland,Italy,7.0
Lugano,1956,Switzerland,Luxembourg,6.0
Lugano,1956,Switzerland,France,5.0
Lugano,1956,Switzerland,Germany,4.0
Lugano,1956,Switzerland,Belgium,3.0
Lugano,1956,Switzerland,Switzerland,2.0
Lugano,1956,Switzerland,Netherlands,1.0
